id,created,status,current_path
cs-cmplx-0001,2026-09-03,published,cs/complexity-and-analysis/amortized-cost-averages-a-worst-case-sequence.md
py-gil-0001,2026-09-03,published,python/concurrency-and-gil/free-threaded-build-removes-the-gil-not-contention.md
cpp-ptrref-0001,2026-09-03,published,cpp/pointers-and-references/unique-ptr-vs-shared-ptr-ownership-and-cost.md
db-orm-0001,2026-09-03,published,databases/orm-and-persistence/n-plus-one-queries-from-lazy-relation-access.md
py-prac-0001,2026-09-03,published,python/practical-coding/merge-overlapping-intervals-by-sorting-and-sweeping.md
cpp-tooling-0001,2026-09-03,published,cpp/tooling-and-diagnostics/intermittent-crash-from-callback-outliving-its-object.md
sd-msgq-0001,2026-09-03,published,system-design/messaging-and-queues/idempotent-consumer-for-at-least-once-webhook-delivery.md
bhv-team-0001,2026-09-03,published,behavioral/teamwork-and-conflict/technical-disagreement-resolved-without-authority.md
eng-vcs-0001,2026-09-03,published,engineering/version-control/recover-commits-discarded-by-a-hard-reset.md
py-fund-0001,2026-09-04,published,python/fundamentals/stages-python-module-go-source-code-executing.md
py-fund-0002,2026-09-04,published,python/fundamentals/splitting-languages-just-compiled-interpreted-incorrectly-describe.md
py-fund-0003,2026-09-04,published,python/fundamentals/problem-cached-pyc-file-solve-presence-mean.md
py-fund-0004,2026-09-04,published,python/fundamentals/exactly-dynamic-python-dynamic-typing-type-object.md
py-fund-0005,2026-09-04,published,python/fundamentals/dynamic-typing-strong-typing-opposite-characteristics-language.md
py-fund-0006,2026-09-04,published,python/fundamentals/tell-language-guarantee-python-apart-implementation-detail.md
py-fund-0007,2026-09-04,published,python/fundamentals/risks-arise-code-relies-cpython-specific-behaviour.md
py-fund-0008,2026-09-04,published,python/fundamentals/plugin-receives-callback-name-string-appropriate-use.md
py-fund-0009,2026-09-04,published,python/fundamentals/reflection-differ-ordinary-access-object-attribute-already.md
py-fund-0010,2026-09-04,published,python/fundamentals/monkey-patching-justified-risks-create-locality-changes.md
py-fund-0011,2026-09-04,published,python/fundamentals/automatically-loading-plugin-classes-reflection-worse-explicit.md
py-fund-0012,2026-09-04,published,python/fundamentals/executable-nature-def-class-statements-affect-conditional.md
py-syntax-0001,2026-09-04,published,python/syntax-and-control-flow/operators-always-return-bool-own-operands-short.md
py-syntax-0002,2026-09-04,published,python/syntax-and-control-flow/value-expression-fallback-produce-result-true-false.md
py-syntax-0003,2026-09-04,published,python/syntax-and-control-flow/construct-value-user-input-default-incorrectly-replace.md
py-syntax-0004,2026-09-04,published,python/syntax-and-control-flow/extended-iterable-unpacking-work-assignment-head-middle.md
py-syntax-0005,2026-09-04,published,python/syntax-and-control-flow/assignment-expression-differ-ordinary-assignment-using-hurt.md
py-syntax-0006,2026-09-04,published,python/syntax-and-control-flow/evaluation-order-affect-result-chained-assignment-unpacking.md
py-syntax-0007,2026-09-04,published,python/syntax-and-control-flow/else-block-loop-run-break-change-behaviour.md
py-syntax-0008,2026-09-04,published,python/syntax-and-control-flow/doesn-continue-inside-try-cancel-execution-corresponding.md
py-syntax-0009,2026-09-04,published,python/syntax-and-control-flow/capture-pattern-match-differ-value-pattern-unqualified.md
py-syntax-0010,2026-09-04,published,python/syntax-and-control-flow/guard-case-condition-evaluated-failed-guard-undo.md
py-syntax-0011,2026-09-04,published,python/syntax-and-control-flow/order-case-clauses-structural-pattern-matching-affect.md
py-syntax-0012,2026-09-04,published,python/syntax-and-control-flow/order-python-evaluate-function-expression-positional-arguments.md
py-syntax-0013,2026-09-04,published,python/syntax-and-control-flow/expression-give-different-result.md
py-syntax-0014,2026-09-04,published,python/syntax-and-control-flow/chained-comparison-differ-number-times-middle-operand.md
py-objtypes-0001,2026-09-04,published,python/objects-and-types/object-identity-check-differ-equality.md
py-objtypes-0002,2026-09-04,published,python/objects-and-types/none-used-check-none-instead-relying-none.md
py-objtypes-0003,2026-09-04,published,python/objects-and-types/result-identity-comparison-identical-literals-used-proof.md
py-objtypes-0004,2026-09-04,published,python/objects-and-types/consistency-requirements-eq-hash-satisfy-instances-used.md
py-objtypes-0005,2026-09-04,published,python/objects-and-types/doesn-copy-mutable-object-mutation-become-visible.md
py-objtypes-0006,2026-09-04,published,python/objects-and-types/place-mutation-list-via-differ-augmented-assignment.md
py-objtypes-0007,2026-09-04,published,python/objects-and-types/tuple-unhashable-even-though-tuple-itself-immutable.md
py-objtypes-0008,2026-09-04,published,python/objects-and-types/mutating-object-has-used-key-break-logic.md
py-objtypes-0009,2026-09-04,published,python/objects-and-types/shallow-copy-differ-deep-copy-container-nested.md
py-objtypes-0010,2026-09-04,published,python/objects-and-types/copy-deepcopy-use-memo-help-shared-references.md
py-objtypes-0011,2026-09-04,published,python/objects-and-types/custom-class-implement-copy-deepcopy-instead-relying.md
py-objtypes-0012,2026-09-04,published,python/objects-and-types/shouldn-mutable-class-value-based-eq-usually.md
py-objtypes-0013,2026-09-04,published,python/objects-and-types/hashability-differ-immutability-aren-properties-full-synonyms.md
py-objtypes-0014,2026-09-04,published,python/objects-and-types/false-approximate-floating-point-results-compared-correctly.md
py-objtypes-0015,2026-09-04,published,python/objects-and-types/decimal-preferable-float-problem-solve-automatically-right.md
py-objtypes-0016,2026-09-04,published,python/objects-and-types/numeric-equality-true-affect-use-keys-same.md
py-objtypes-0017,2026-09-04,published,python/objects-and-types/str-differ-bytes-boundary-program-encode-decode.md
py-objtypes-0018,2026-09-04,published,python/objects-and-types/bytearray-preferable-bytes-trade-off-mutability-create.md
py-objtypes-0019,2026-09-04,published,python/objects-and-types/copying-problem-memoryview-solve-lifetime-underlying-buffer.md
py-objtypes-0020,2026-09-04,published,python/objects-and-types/type-annotation-change-object-actual-runtime-type.md
py-objtypes-0021,2026-09-04,published,python/objects-and-types/isinstance-appropriate-runtime-check-protocol-duck-typing.md
py-objtypes-0022,2026-09-04,published,python/objects-and-types/parameterized-static-type-such-list-str-differ.md
py-coll-0001,2026-09-04,published,python/collections/tuple-better-choice-list-syntax-semantics-immutable.md
py-coll-0002,2026-09-04,published,python/collections/range-represent-very-large-range-storing-all.md
py-coll-0003,2026-09-04,published,python/collections/difference-list-sort-sorted-regarding-mutation-return.md
py-coll-0004,2026-09-04,published,python/collections/repeated-concatenation-list-loop-worse-append-extend.md
py-coll-0005,2026-09-04,published,python/collections/tuple-containing-mutable-element-behave-value-attempted.md
py-coll-0006,2026-09-04,published,python/collections/exactly-dictionary-insertion-order-guarantee-modern-python.md
py-coll-0007,2026-09-04,published,python/collections/dictionary-keys-hashable-dictionary-use-hash-together.md
py-coll-0008,2026-09-04,published,python/collections/key-get-key-setdefault-differ-behaviour-key.md
py-coll-0009,2026-09-04,published,python/collections/collections-defaultdict-better-manual-key-check-mistake.md
py-coll-0010,2026-09-04,published,python/collections/changing-size-dictionary-iterating-keys-fail-changing.md
py-coll-0011,2026-09-04,published,python/collections/dict-union-operators-resolve-conflicts-identical-keys.md
py-coll-0012,2026-09-04,published,python/collections/consequences-custom-dict-missing-have-isn-called.md
py-coll-0013,2026-09-04,published,python/collections/set-better-list-membership-checks-element-order.md
py-coll-0014,2026-09-04,published,python/collections/set-differ-frozenset-mutability-ability-element-another.md
py-coll-0015,2026-09-04,published,python/collections/set-operations-let-express-subset-superset-check.md
py-coll-0016,2026-09-04,published,python/collections/incorrect-eq-custom-objects-lead-unexpected-results.md
py-coll-0017,2026-09-04,published,python/collections/dict-keys-dict-values-dict-items-snapshots.md
py-coll-0018,2026-09-04,published,python/collections/custom-collection-iter-return-returning-reusable-container.md
py-coll-0019,2026-09-04,published,python/collections/sequence-comparison-work-lexicographically-happens-first-pair.md
py-coll-0020,2026-09-04,published,python/collections/stability-python-sort-mean-used-multi-key.md
py-coll-0021,2026-09-04,published,python/collections/key-function-sorted-better-implementing-rich-comparison.md
py-coll-0022,2026-09-04,published,python/collections/membership-list-usually-cost-linear-time-set.md
py-coll-0023,2026-09-04,published,python/collections/collections-deque-better-list-working-both-ends.md
py-coll-0024,2026-09-04,published,python/collections/hash-flooding-large-number-collisions-ruin-expected.md
py-funcs-0001,2026-09-04,published,python/functions-and-scope/different-constraints-arguments-passed-symbols-set-signature.md
py-funcs-0002,2026-09-04,published,python/functions-and-scope/call-def-fail-entering-function-body-runs.md
py-funcs-0003,2026-09-04,published,python/functions-and-scope/forward-received-args-kwargs-another-function-losing.md
py-funcs-0004,2026-09-04,published,python/functions-and-scope/python-bind-arguments-call-parameters-def-args.md
py-funcs-0005,2026-09-04,published,python/functions-and-scope/wrapper-signature-args-kwargs-accept-syntactically-valid.md
py-funcs-0006,2026-09-04,published,python/functions-and-scope/consecutive-calls-append-append-return-def-append.md
py-funcs-0007,2026-09-04,published,python/functions-and-scope/default-argument-expression-evaluated-default-like-timeout.md
py-funcs-0008,2026-09-04,published,python/functions-and-scope/custom-sentinel-object-better-none-default-argument.md
py-funcs-0009,2026-09-04,published,python/functions-and-scope/doesn-assignment-items-inside-function-change-caller.md
py-funcs-0010,2026-09-04,published,python/functions-and-scope/model-python-passes-arguments-reference-inaccurate-model.md
py-funcs-0011,2026-09-04,published,python/functions-and-scope/function-received-shallow-copy-list-dictionaries-changed.md
py-funcs-0012,2026-09-04,published,python/functions-and-scope/function-get-unboundlocalerror-reading-global-there-assignment.md
py-funcs-0013,2026-09-04,published,python/functions-and-scope/global-nonlocal-differ-scope-look-binding-assign.md
py-funcs-0014,2026-09-04,published,python/functions-and-scope/python-look-up-name-len-inside-function.md
py-funcs-0015,2026-09-04,published,python/functions-and-scope/doesn-name-defined-class-body-become-ordinary.md
py-funcs-0016,2026-09-04,published,python/functions-and-scope/all-functions-created-lambda-range-return-same.md
py-funcs-0017,2026-09-04,published,python/functions-and-scope/writing-lambda-remove-late-binding-problem-loop.md
py-funcs-0018,2026-09-04,published,python/functions-and-scope/nonlocal-let-closure-mutate-captured-state-risk.md
py-funcs-0019,2026-09-04,published,python/functions-and-scope/object-captured-closure-stay-alive-enclosing-function.md
py-funcs-0020,2026-09-04,published,python/functions-and-scope/passing-handler-differ-passing-handler-argument-higher.md
py-funcs-0021,2026-09-04,published,python/functions-and-scope/named-function-via-def-better-choice-lambda.md
py-funcs-0022,2026-09-04,published,python/functions-and-scope/callable-object-call-preferable-closure-encapsulating-functional.md
py-funcs-0023,2026-09-04,published,python/functions-and-scope/type-annotations-change-runtime-semantics-calling-ordinary.md
py-funcs-0024,2026-09-04,published,python/functions-and-scope/standard-semantics-evaluating-annotations-change-python-14.md
py-oop-0001,2026-09-04,published,python/oop-and-data-model/new-differ-init-role-creating-instance-return.md
py-oop-0002,2026-09-04,published,python/oop-and-data-model/customizing-immutable-subclass-such-custom-tuple-require.md
py-oop-0003,2026-09-04,published,python/oop-and-data-model/happens-init-explicitly-returns-value-other-none.md
py-oop-0004,2026-09-04,published,python/oop-and-data-model/order-python-look-up-instance-attribute-data.md
py-oop-0005,2026-09-04,published,python/oop-and-data-model/getattribute-differ-getattr-called.md
py-oop-0006,2026-09-04,published,python/oop-and-data-model/name-mangling-actually-attribute-named-value-privacy.md
py-oop-0007,2026-09-04,published,python/oop-and-data-model/property-usually-shadowed-same-named-value-instance.md
py-oop-0008,2026-09-04,published,python/oop-and-data-model/absence-dict-class-slots-affect-dynamically-adding.md
py-oop-0009,2026-09-04,published,python/oop-and-data-model/data-descriptor-differ-non-data-descriptor-difference.md
py-oop-0010,2026-09-04,published,python/oop-and-data-model/methods-make-up-descriptor-protocol-attribute-encapsulation.md
py-oop-0011,2026-09-04,published,python/oop-and-data-model/property-seen-descriptor-better-explicit-get-set.md
py-oop-0012,2026-09-04,published,python/oop-and-data-model/reusable-validation-descriptor-store-values-separately-instance.md
py-oop-0013,2026-09-04,published,python/oop-and-data-model/accessing-obj-method-create-bound-method-where.md
py-oop-0014,2026-09-04,published,python/oop-and-data-model/choose-instance-method-classmethod-staticmethod-given-binding.md
py-oop-0015,2026-09-04,published,python/oop-and-data-model/function-descriptor-turn-function-bound-method-accessed.md
py-oop-0016,2026-09-04,published,python/oop-and-data-model/c3-mro-determine-order-methods-looked-up.md
py-oop-0017,2026-09-04,published,python/oop-and-data-model/zero-argument-super-mean-next-mro-rather.md
py-oop-0018,2026-09-04,published,python/oop-and-data-model/python-resolve-diamond-inheritance-direct-calls-specific.md
py-oop-0019,2026-09-04,published,python/oop-and-data-model/rules-signature-calling-super-cooperative-methods-follow.md
py-oop-0020,2026-09-04,published,python/oop-and-data-model/properties-make-mixin-safe-multiple-inheritance-mixin.md
py-oop-0021,2026-09-04,published,python/oop-and-data-model/repr-differ-str-intended-audience-fallback-behaviour.md
py-oop-0022,2026-09-04,published,python/oop-and-data-model/len-affect-object-truthiness-absence-bool.md
py-oop-0023,2026-09-04,published,python/oop-and-data-model/comparison-method-return-notimplemented-unsupported-operand-instead.md
py-oop-0024,2026-09-04,published,python/oop-and-data-model/overriding-eq-affect-inherited-hash-use-instance.md
py-oop-0025,2026-09-04,published,python/oop-and-data-model/abstract-base-class-more-appropriate-informal-duck.md
py-oop-0026,2026-09-04,published,python/oop-and-data-model/structural-subtyping-via-typing-protocol-differ-nominal.md
py-oop-0027,2026-09-04,published,python/oop-and-data-model/eq-frozen-unsafe-hash-parameters-affect-generation.md
py-oop-0028,2026-09-04,published,python/oop-and-data-model/memory-inheritance-trade-offs-slots-have-universal.md
py-oop-0029,2026-09-04,published,python/oop-and-data-model/class-instance-metaclass-type-main-stages-class.md
py-oop-0030,2026-09-04,published,python/oop-and-data-model/metaclass-actually-justified-class-decorator-init-subclass.md
py-oop-0031,2026-09-04,published,python/oop-and-data-model/frozen-true-dataclass-forbid-reassigning-fields-make.md
py-decor-0001,2026-09-04,published,python/decorators/decorator-expression-evaluated-wrapper-decorator-returned-actually.md
py-decor-0002,2026-09-04,published,python/decorators/order-decorators-outer-inner-written-above-same.md
py-decor-0003,2026-09-04,published,python/decorators/metadata-introspection-debugging-problems-arise-wrapper-use.md
py-decor-0004,2026-09-04,published,python/decorators/functools-wraps-guarantee-wrapper-function-actual-call.md
py-decor-0005,2026-09-04,published,python/decorators/decorator-factory-differ-decorator-itself-stage-arguments.md
py-decor-0006,2026-09-04,published,python/decorators/design-decorator-distinct-call-forms-trace-trace.md
py-decor-0007,2026-09-04,published,python/decorators/callable-class-better-implementation-stateful-decorator-closure.md
py-decor-0008,2026-09-04,published,python/decorators/class-decorator-differ-metaclass-timing-scope-effect.md
py-decor-0009,2026-09-04,published,python/decorators/order-stacking-decorators-affect-authorization-caching-logging.md
py-decor-0010,2026-09-04,published,python/decorators/state-closure-based-decorator-create-race-condition.md
py-decor-0011,2026-09-04,published,python/decorators/decorator-async-def-preserve-awaitability-correct-propagation.md
py-decor-0012,2026-09-04,published,python/decorators/happens-decorated-name-decorator-returns-none-instead.md
py-itergen-0001,2026-09-04,published,python/iterators-and-generators/iterable-differ-iterator-methods-make-up-respective.md
py-itergen-0002,2026-09-04,published,python/iterators-and-generators/iter-container-usually-return-new-iterator-iter.md
py-itergen-0003,2026-09-04,published,python/iterators-and-generators/custom-iterator-correctly-signal-finished-returning-sentinel.md
py-itergen-0004,2026-09-04,published,python/iterators-and-generators/implement-iterable-collection-nested-iterations-share-cursor.md
py-itergen-0005,2026-09-04,published,python/iterators-and-generators/body-generator-function-run-function-called-first.md
py-itergen-0006,2026-09-04,published,python/iterators-and-generators/state-suspended-generator-keep-yield-happens-finishes.md
py-itergen-0007,2026-09-04,published,python/iterators-and-generators/generator-pipeline-reduce-peak-memory-necessarily-total.md
py-itergen-0008,2026-09-04,published,python/iterators-and-generators/side-effects-generator-change-exceptions-occur-compared.md
py-itergen-0009,2026-09-04,published,python/iterators-and-generators/expression-yield-subiterator-delegate-beyond-simply-yielding.md
py-itergen-0010,2026-09-04,published,python/iterators-and-generators/subgenerator-return-value-passed-delegating-generator-yield.md
py-itergen-0011,2026-09-04,published,python/iterators-and-generators/condition-first-call-generator-send-value-allowed.md
py-itergen-0012,2026-09-04,published,python/iterators-and-generators/throw-close-affect-control-flow-inside-suspended.md
py-itergen-0013,2026-09-04,published,python/iterators-and-generators/doesn-iterating-already-exhausted-generator-again-start.md
py-itergen-0014,2026-09-04,published,python/iterators-and-generators/problem-passing-single-iterator-consumers-read-turn.md
py-itergen-0015,2026-09-04,published,python/iterators-and-generators/shouldn-rely-garbage-collection-generator-timely-release.md
py-itergen-0016,2026-09-04,published,python/iterators-and-generators/generator-expression-better-list-comprehension-reuse-indexing.md
py-itergen-0017,2026-09-04,published,python/iterators-and-generators/scope-generator-expression-outermost-iterable-evaluated-remaining.md
py-itergen-0018,2026-09-04,published,python/iterators-and-generators/itertools-tee-let-create-independent-iterators-memory.md
py-ctxmgr-0001,2026-09-04,published,python/context-managers/values-exit-receive-normal-completion-versus-exception.md
py-ctxmgr-0002,2026-09-04,published,python/context-managers/truthy-return-value-exit-mean-accidental-return.md
py-ctxmgr-0003,2026-09-04,published,python/context-managers/guarantee-cleanup-exit-masking-original-exception-new.md
py-ctxmgr-0004,2026-09-04,published,python/context-managers/class-based-context-manager-differ-generator-based.md
py-ctxmgr-0005,2026-09-04,published,python/context-managers/generator-used-contextmanager-execute-exactly-yield.md
py-ctxmgr-0006,2026-09-04,published,python/context-managers/contextlib-exitstack-better-statically-nested-blocks.md
py-ctxmgr-0007,2026-09-04,published,python/context-managers/exitstack-preserve-lifo-cleanup-order-happen-acquiring.md
py-ctxmgr-0008,2026-09-04,published,python/context-managers/async-aenter-aexit-methods-differ-synchronous-context.md
py-ctxmgr-0009,2026-09-04,published,python/context-managers/aexit-finish-cleanup-cancellederror-swallowing-task-cancellation.md
py-ctxmgr-0010,2026-09-04,published,python/context-managers/reusable-context-manager-differ-reentrant-context-manager.md
py-excpt-0001,2026-09-04,published,python/exceptions/except-exception-usually-safer-bare-except-application.md
py-excpt-0002,2026-09-04,published,python/exceptions/order-several-except-clauses-affect-reachability-handlers.md
py-excpt-0003,2026-09-04,published,python/exceptions/catching-baseexception-break-graceful-shutdown-cancellation-semantics.md
py-excpt-0004,2026-09-04,published,python/exceptions/else-clause-try-except-else-finally-construct.md
py-excpt-0005,2026-09-04,published,python/exceptions/python-14-happens-pending-return-try-finally.md
py-excpt-0006,2026-09-04,published,python/exceptions/exception-finally-mask-original-exception-preserve-diagnostic.md
py-excpt-0007,2026-09-04,published,python/exceptions/implicit-exception-chaining-differ-explicit-raise-newerror.md
py-excpt-0008,2026-09-04,published,python/exceptions/bare-raise-used-inside-handler-raise-exc.md
py-excpt-0009,2026-09-04,published,python/exceptions/raise-none-affect-exception-context-displayed-justified.md
py-excpt-0010,2026-09-04,published,python/exceptions/properties-make-custom-exception-hierarchy-stable-part.md
py-excpt-0011,2026-09-04,published,python/exceptions/custom-exception-usually-inherit-exception-rather-baseexception.md
py-excpt-0012,2026-09-04,published,python/exceptions/problem-exceptiongroup-except-solve-concurrent-code.md
py-excpt-0013,2026-09-04,published,python/exceptions/single-except-handle-only-subgroup-exceptions-rest.md
py-excpt-0014,2026-09-04,published,python/exceptions/eafp-preferable-lbyl-race-check-action-make.md
py-excpt-0015,2026-09-04,published,python/exceptions/library-emit-warning-instead-raising-exception.md
py-excpt-0016,2026-09-04,published,python/exceptions/log-exception-traceback-thoughtlessly-duplicating-level-call.md
py-modimp-0001,2026-09-04,published,python/modules-and-imports/stages-import-package-module-go-finding-spec.md
py-modimp-0002,2026-09-04,published,python/modules-and-imports/role-sys-modules-play-same-module-name.md
py-modimp-0003,2026-09-04,published,python/modules-and-imports/don-import-module-statements-usually-run-module.md
py-modimp-0004,2026-09-04,published,python/modules-and-imports/violating-import-protocol-manually-editing-sys-modules.md
py-modimp-0005,2026-09-04,published,python/modules-and-imports/order-python-search-module-import-machinery-sys.md
py-modimp-0006,2026-09-04,published,python/modules-and-imports/absolute-import-preferable-explicit-relative-import-inside.md
py-modimp-0007,2026-09-04,published,python/modules-and-imports/relative-import-fail-package-module-run-ordinary.md
py-modimp-0008,2026-09-04,published,python/modules-and-imports/partially-initialized-module-mean-during-circular-import.md
py-modimp-0009,2026-09-04,published,python/modules-and-imports/modules-orders-payments-import-other-sake-shared.md
py-modimp-0010,2026-09-04,published,python/modules-and-imports/regular-package-init-py-differ-namespace-package.md
py-modimp-0011,2026-09-04,published,python/modules-and-imports/tasks-appropriate-perform-package-init-py-ones.md
py-modimp-0012,2026-09-04,published,python/modules-and-imports/exactly-name-main-protect-change-import-semantics.md
py-modimp-0013,2026-09-04,published,python/modules-and-imports/doesn-importlib-reload-module-automatically-update-all.md
py-modimp-0014,2026-09-04,published,python/modules-and-imports/import-package-module-differ-installable-distribution-project.md
py-fileio-0001,2026-09-04,published,python/files-and-io/where-boundary-str-bytes-text-where-encoding.md
py-fileio-0002,2026-09-04,published,python/files-and-io/worth-setting-encoding-explicitly-portable-text-file.md
py-fileio-0003,2026-09-04,published,python/files-and-io/newline-translation-text-mode-change-characters-read.md
py-fileio-0004,2026-09-04,published,python/files-and-io/python-stream-flush-differ-os-fsync-shouldn.md
py-fileio-0005,2026-09-04,published,python/files-and-io/data-remain-python-buffered-stream-write-flush.md
py-fileio-0006,2026-09-04,published,python/files-and-io/open-more-reliable-manual-close-file-operations.md
py-fileio-0007,2026-09-04,published,python/files-and-io/update-file-same-filesystem-via-temporary-file.md
py-fileio-0008,2026-09-04,published,python/files-and-io/seek-tell-used-random-access-text-stream.md
py-fileio-0009,2026-09-04,published,python/files-and-io/pathlib-path-make-building-traversing-paths-easier.md
py-fileio-0010,2026-09-04,published,python/files-and-io/doesn-string-prefix-check-determine-path-containment.md
py-fileio-0011,2026-09-04,published,python/files-and-io/set-up-custom-json-encoding-unsupported-type.md
py-fileio-0012,2026-09-04,published,python/files-and-io/doesn-json-round-trip-automatically-preserve-python.md
py-fileio-0013,2026-09-04,published,python/files-and-io/pickle-loads-called-untrusted-data-even-checking.md
py-fileio-0014,2026-09-04,published,python/files-and-io/choose-stringio-bytesio-memory-stream.md
py-compfn-0001,2026-09-04,published,python/comprehensions-and-functional/scope-iteration-variable-list-comprehension-have-python.md
py-compfn-0002,2026-09-04,published,python/comprehensions-and-functional/order-clauses-comprehension-multiple-evaluated.md
py-compfn-0003,2026-09-04,published,python/comprehensions-and-functional/doesn-comprehension-iteration-variable-leak-containing-scope.md
py-compfn-0004,2026-09-04,published,python/comprehensions-and-functional/groups-returned-itertools-groupby-consumed-materialized-moving.md
py-compfn-0005,2026-09-04,published,python/comprehensions-and-functional/point-generator-expression-evaluate-elements-affect-exceptions.md
py-compfn-0006,2026-09-04,published,python/comprehensions-and-functional/map-filter-exhausted-python-happens-first-full.md
py-compfn-0007,2026-09-04,published,python/comprehensions-and-functional/build-lazy-pipeline-itertools-intermediate-collections-never.md
py-compfn-0008,2026-09-04,published,python/comprehensions-and-functional/function-retry-operation-accept-behaviour-outside-treating.md
py-compfn-0009,2026-09-04,published,python/comprehensions-and-functional/functools-partial-change-call-interface-immediately-calling.md
py-compfn-0010,2026-09-04,published,python/comprehensions-and-functional/singledispatch-better-extensible-elif-chain-argument-choose.md
py-compfn-0011,2026-09-04,published,python/comprehensions-and-functional/comprehension-usually-more-readable-map-filter-callable.md
py-compfn-0012,2026-09-04,published,python/comprehensions-and-functional/initializer-determine-result-functools-reduce-empty-iterable.md
py-cpyint-0001,2026-09-04,published,python/cpython-internals/cpython-turn-source-code-code-object-bytecode.md
py-cpyint-0002,2026-09-04,published,python/cpython-internals/execution-frame-store-cpython-connected-code-object.md
py-cpyint-0003,2026-09-04,published,python/cpython-internals/dis-output-treated-implementation-detail-specific-cpython.md
py-cpyint-0004,2026-09-04,published,python/cpython-internals/role-adaptive-bytecode-specialization-play-cpython-14.md
py-cpyint-0005,2026-09-04,published,python/cpython-internals/retained-traceback-cpython-keep-frames-local-objects.md
py-cpyint-0006,2026-09-04,published,python/cpython-internals/reference-count-usually-determine-moment-deallocation-gil.md
py-cpyint-0007,2026-09-04,published,python/cpython-internals/sys-getrefcount-obj-usually-show-least-temporary.md
py-cpyint-0008,2026-09-04,published,python/cpython-internals/relying-immediate-deallocation-cpython-treated-portable-python.md
py-cpyint-0009,2026-09-04,published,python/cpython-internals/reference-counting-itself-free-unreachable-reference-cycle.md
py-cpyint-0010,2026-09-04,published,python/cpython-internals/cpython-cyclic-garbage-collector-detect-unreachable-container.md
py-cpyint-0011,2026-09-04,published,python/cpython-internals/gc-disable-justified-measurements-invariants-change-require.md
py-cpyint-0012,2026-09-04,published,python/cpython-internals/difference-python-object-lifetime-process-allocator-returning.md
py-cpyint-0013,2026-09-04,published,python/cpython-internals/process-resident-memory-shrink-immediately-deleting-large.md
py-cpyint-0014,2026-09-04,published,python/cpython-internals/shouldn-del-used-primary-mechanism-timely-release.md
py-cpyint-0015,2026-09-04,published,python/cpython-internals/free-threaded-cpython-14-sys-getrefcount-object.md
py-cpyint-0016,2026-09-04,published,python/cpython-internals/gc-freeze-reduce-copy-write-losses-fork.md
py-cpyint-0017,2026-09-04,published,python/cpython-internals/dis-help-check-operations-compiler-generates-small.md
py-cpyint-0018,2026-09-04,published,python/cpython-internals/sys-getsizeof-differ-recursive-measurement-whole-object.md
py-cpyint-0019,2026-09-04,published,python/cpython-internals/comparing-tracemalloc-snapshots-help-find-source-locations.md
py-cpyint-0020,2026-09-04,published,python/cpython-internals/conclusions-cpython-memory-management-unsafe-carry-pypy.md
py-gil-0002,2026-09-04,published,python/concurrency-and-gil/thread-differ-process-address-space-resource-sharing.md
py-gil-0003,2026-09-04,published,python/concurrency-and-gil/data-threads-process-see-common-keep-separate.md
py-gil-0004,2026-09-04,published,python/concurrency-and-gil/process-isolation-change-model-exchanging-data-handling.md
py-gil-0005,2026-09-04,published,python/concurrency-and-gil/exactly-gil-serialize-ordinary-gil-enabled-build.md
py-gil-0006,2026-09-04,published,python/concurrency-and-gil/bound-threads-still-give-concurrency-benefit-gil.md
py-gil-0007,2026-09-04,published,python/concurrency-and-gil/doesn-gil-eliminate-race-conditions-python-application.md
py-gil-0008,2026-09-04,published,python/concurrency-and-gil/isn-observed-atomicity-particular-built-operation-current.md
py-gil-0009,2026-09-04,published,python/concurrency-and-gil/free-threaded-build-cpython-14-mean-coexist.md
py-gil-0010,2026-09-04,published,python/concurrency-and-gil/thread-safety-assumptions-shared-mutable-objects-need.md
py-gil-0011,2026-09-04,published,python/concurrency-and-gil/extension-explicitly-declare-support-free-threaded-cpython.md
py-gil-0012,2026-09-04,published,python/concurrency-and-gil/threadpoolexecutor-appropriate-choice-bound-workload.md
py-gil-0013,2026-09-04,published,python/concurrency-and-gil/processpoolexecutor-pay-off-cpu-bound-pure-python.md
py-gil-0014,2026-09-04,published,python/concurrency-and-gil/parallelizing-small-cpu-tasks-across-processes-slower.md
py-gil-0015,2026-09-04,published,python/concurrency-and-gil/race-condition-read-modify-write-sequence-synchronization.md
py-gil-0016,2026-09-04,published,python/concurrency-and-gil/lock-rlock-semaphore-condition-differ-synchronization-intent.md
py-gil-0017,2026-09-04,published,python/concurrency-and-gil/conditions-create-deadlock-lock-ordering-reduce-risk.md
py-gil-0018,2026-09-04,published,python/concurrency-and-gil/thread-has-hand-sequence-jobs-results-another.md
py-gil-0019,2026-09-04,published,python/concurrency-and-gil/choose-threadpoolexecutor-processpoolexecutor-based-workload-data-transfer.md
py-gil-0020,2026-09-04,published,python/concurrency-and-gil/correctly-collect-exceptions-results-executor-futures-losing.md
py-gil-0021,2026-09-04,published,python/concurrency-and-gil/python-14-process-start-method-default-posix.md
py-gil-0022,2026-09-04,published,python/concurrency-and-gil/choose-queue-pipe-ipc-shared-memory-justify.md
py-gil-0023,2026-09-04,published,python/concurrency-and-gil/threading-local-better-shared-dictionary-keyed-thread.md
py-async-0001,2026-09-04,published,python/asyncio/coroutine-function-coroutine-object-result-await-differ.md
py-async-0002,2026-09-04,published,python/asyncio/objects-awaited-coroutines-tasks-futures-related-awaitable.md
py-async-0003,2026-09-04,published,python/asyncio/doesn-simply-creating-several-coroutine-objects-already.md
py-async-0004,2026-09-04,published,python/asyncio/fire-forget-task-need-strong-reference-kept.md
py-async-0005,2026-09-04,published,python/asyncio/makes-asyncio-task-callback-ready-timer-suspension.md
py-async-0006,2026-09-04,published,python/asyncio/coroutine-no-suspension-point-monopolize-event-loop.md
py-async-0007,2026-09-04,published,python/asyncio/blocking-call-inside-async-def-affect-latency.md
py-async-0008,2026-09-04,published,python/asyncio/cpu-heavy-coroutine-unbounded-ready-queue-cause.md
py-async-0009,2026-09-04,published,python/asyncio/asyncio-taskgroup-guarantee-tasks-created-finish-context.md
py-async-0010,2026-09-04,published,python/asyncio/happens-sibling-tasks-exceptions-task-taskgroup-fails.md
py-async-0011,2026-09-04,published,python/asyncio/structured-concurrency-via-taskgroup-give-more-reliable.md
py-async-0012,2026-09-04,published,python/asyncio/asyncio-gather-preserve-ordering-results-awaitables-finish.md
py-async-0013,2026-09-04,published,python/asyncio/choose-wait-completed-handling-set-concurrent-operations.md
py-async-0014,2026-09-04,published,python/asyncio/failure-cancellation-semantics-gather-taken-account-sibling.md
py-async-0015,2026-09-04,published,python/asyncio/cancellation-request-delivered-task-cancellederror-cancellation-cooperative.md
py-async-0016,2026-09-04,published,python/asyncio/asyncio-timeout-context-manager-bound-operation-duration.md
py-async-0017,2026-09-04,published,python/asyncio/cleanup-cancellederror-usually-end-raise-rather-swallowing.md
py-async-0018,2026-09-04,published,python/asyncio/asyncio-shield-protect-inner-task-cancel-caller.md
py-async-0019,2026-09-04,published,python/asyncio/asyncio-thread-appropriate-blocking-function-inside-asynchronous.md
py-async-0020,2026-09-04,published,python/asyncio/awaiting-cancellation-thread-forcibly-stop-synchronous-function.md
py-async-0021,2026-09-04,published,python/asyncio/concurrent-coroutines-have-race-condition-shared-state.md
py-async-0022,2026-09-04,published,python/asyncio/choose-asyncio-lock-event-condition-semaphore-coordination.md
py-async-0023,2026-09-04,published,python/asyncio/contextvar-better-thread-local-storage-request-scoped.md
py-async-0024,2026-09-04,published,python/asyncio/bounded-queue-concurrency-limit-create-backpressure-protect.md
py-stdlib-0001,2026-09-04,published,python/standard-library/collections-chainmap-better-eagerly-merging-dictionaries-layered.md
py-stdlib-0002,2026-09-04,published,python/standard-library/counter-simplify-frequency-analysis-behave-missing-keys.md
py-stdlib-0003,2026-09-04,published,python/standard-library/defaultdict-factory-create-unwanted-mutation-simple-key.md
py-stdlib-0004,2026-09-04,published,python/standard-library/itertools-chain-preferable-concatenating-materialized-collections.md
py-stdlib-0005,2026-09-04,published,python/standard-library/islice-useful-lazy-iterable-doesn-support-indexing.md
py-stdlib-0006,2026-09-04,published,python/standard-library/itertools-groupby-only-group-consecutive-equal-keys.md
py-stdlib-0007,2026-09-04,published,python/standard-library/cached-property-differ-property-caching-attribute-writes.md
py-stdlib-0008,2026-09-04,published,python/standard-library/boilerplate-functools-total-ordering-remove-performance-traceback.md
py-stdlib-0009,2026-09-04,published,python/standard-library/pathlib-path-convey-path-intent-better-plain.md
py-stdlib-0010,2026-09-04,published,python/standard-library/fine-stay-os-filesystem-operation-choose-pathlib.md
py-stdlib-0011,2026-09-04,published,python/standard-library/naive-datetime-differ-aware-datetime-mixing-dangerous.md
py-stdlib-0012,2026-09-04,published,python/standard-library/zoneinfo-zoneinfo-better-fixed-utc-offset-civil.md
py-stdlib-0013,2026-09-04,published,python/standard-library/heapq-preferable-full-sort-top-priority-queue.md
py-stdlib-0014,2026-09-04,published,python/standard-library/bisect-useful-sorted-list-doesn-binary-search.md
py-stdlib-0015,2026-09-04,published,python/standard-library/library-code-log-named-logger-instead-configuring.md
py-stdlib-0016,2026-09-04,published,python/standard-library/choose-dataclass-value-like-record-enum-closed.md
py-stdlib-0017,2026-09-04,published,python/standard-library/runtime-introspection-via-inspect-signature-justified-explicit.md
py-stdlib-0018,2026-09-04,published,python/standard-library/pattern-nested-overlapping-quantifiers-cause-catastrophic-backtracking.md
py-testing-0001,2026-09-04,published,python/testing/boundary-unit-test-have-shouldn-quietly-turn.md
py-testing-0002,2026-09-04,published,python/testing/contracts-components-integration-test-check.md
py-testing-0003,2026-09-04,published,python/testing/balance-unit-integration-end-end-tests-feedback.md
py-testing-0004,2026-09-04,published,python/testing/seams-needed-test-doesn-depend-real-network.md
py-testing-0005,2026-09-04,published,python/testing/dependency-injection-often-make-python-code-easier.md
py-testing-0006,2026-09-04,published,python/testing/reproduce-timeout-retry-behaviour-flaky-dependency-real.md
py-testing-0007,2026-09-04,published,python/testing/fixture-lifecycle-help-set-up-state-yield.md
py-testing-0008,2026-09-04,published,python/testing/parametrization-better-copying-test-body-several-cases.md
py-testing-0009,2026-09-04,published,python/testing/broad-scoped-mutable-fixture-create-order-dependent.md
py-testing-0010,2026-09-04,published,python/testing/repository-behave-like-real-memory-storage-choose.md
py-testing-0011,2026-09-04,published,python/testing/patch-name-place-where-code-test-looks.md
py-testing-0012,2026-09-04,published,python/testing/spec-spec-set-autospeccing-help-mock-detect.md
py-testing-0013,2026-09-04,published,python/testing/mocking-implementation-details-make-test-suite-brittle.md
py-testing-0014,2026-09-04,published,python/testing/use-asyncmock-such-test-need-check-besides.md
py-testing-0015,2026-09-04,published,python/testing/replacing-real-clock-injected-clock-frozen-time.md
py-testing-0016,2026-09-04,published,python/testing/property-based-testing-generated-examples-shrinking-find.md
py-testing-0017,2026-09-04,published,python/testing/doesn-100-line-coverage-prove-all-important.md
py-testing-0018,2026-09-04,published,python/testing/tell-flaky-test-apart-genuine-product-race.md
py-testing-0019,2026-09-04,published,python/testing/surviving-mutant-artificial-change-code-behaviour-mean.md
py-perf-0001,2026-09-04,published,python/performance/deterministic-profiler-measure-call-counts-time-instrumentation.md
py-perf-0002,2026-09-04,published,python/performance/problem-timeit-solve-compared-single-wall-clock.md
py-perf-0003,2026-09-04,published,python/performance/warm-up-caching-system-load-input-distribution.md
py-perf-0004,2026-09-04,published,python/performance/compare-cprofile-run-control-run-same-workload.md
py-perf-0005,2026-09-04,published,python/performance/verify-asymptotically-better-algorithm-actually-wins-representative.md
py-perf-0006,2026-09-04,published,python/performance/choosing-list-set-dict-deque-heap-depend.md
py-perf-0007,2026-09-04,published,python/performance/isn-big-enough-predict-latency-input-size.md
py-perf-0008,2026-09-04,published,python/performance/repeated-string-concatenation-loop-cause-repeated-copying.md
py-perf-0009,2026-09-04,published,python/performance/shallow-deep-copying-increase-allocation-cost-hot.md
py-perf-0010,2026-09-04,published,python/performance/tracemalloc-reset-peak-phase-specific-measurements-help.md
py-perf-0011,2026-09-04,published,python/performance/arguments-function-decorated-lru-cache-hashable-happens.md
py-perf-0012,2026-09-04,published,python/performance/design-cache-invalidation-eviction-source-data-change.md
py-perf-0013,2026-09-04,published,python/performance/task-batching-chunksize-reduce-serialization-scheduling-overhead.md
py-perf-0014,2026-09-04,published,python/performance/adding-more-workers-hurt-throughput-contention-context.md
py-perf-0015,2026-09-04,published,python/performance/batching-reduce-per-call-overhead-increasing-latency.md
py-perf-0016,2026-09-04,published,python/performance/moving-hot-loop-vectorized-native-implementation-justify.md
py-perf-0017,2026-09-04,published,python/performance/new-data-processing-variant-only-faster-representative.md
py-perf-0018,2026-09-04,published,python/performance/premature-micro-optimization-increase-defect-risk-noticeable.md
py-perf-0019,2026-09-04,published,python/performance/doesn-single-positive-tracemalloc-snapshot-diff-workload.md
py-perf-0020,2026-09-04,published,python/performance/doesn-growing-rss-prove-python-object-leak.md
py-perf-0021,2026-09-04,published,python/performance/unsafe-apply-lru-cache-function-whose-result.md
py-prac-0002,2026-09-04,published,python/practical-coding/events-enabled-false-enabled-events-append-run.md
py-prac-0003,2026-09-04,published,python/practical-coding/copy-append-print-print-shallow-copy-create.md
py-prac-0004,2026-09-04,published,python/practical-coding/python-14-match-case-pass-print-print.md
py-prac-0005,2026-09-04,published,python/practical-coding/class-key-defines-eq-based-value-define.md
py-prac-0006,2026-09-04,published,python/practical-coding/implement-fizzbuzz-integers-ordered-rules-fizz-buzz.md
py-prac-0007,2026-09-04,published,python/practical-coding/implement-palindrome-check-apply-unicode-nfkc-casefold.md
py-prac-0008,2026-09-04,published,python/practical-coding/implement-sum-integers-arbitrarily-nested-list-reject.md
py-prac-0009,2026-09-04,published,python/practical-coding/design-copy-operation-tree-shared-subtrees-possible.md
py-prac-0010,2026-09-04,published,python/practical-coding/implement-retry-decorator-tuple-transient-exception-types.md
py-prac-0011,2026-09-04,published,python/practical-coding/descriptor-set-self-obj-value-self-value.md
py-prac-0012,2026-09-04,published,python/practical-coding/implement-top-words-ascii-text-token-matches.md
py-prac-0013,2026-09-04,published,python/practical-coding/implement-anagram-check-unicode-strings-apply-nfkc.md
py-prac-0014,2026-09-04,published,python/practical-coding/implement-streaming-rle-encoder-lazily-yields-character.md
py-prac-0015,2026-09-04,published,python/practical-coding/move-numeric-zeros-end-list-place-preserving.md
py-prac-0016,2026-09-04,published,python/practical-coding/implement-fibonacci-first-second-returns-new-lazy.md
py-prac-0017,2026-09-04,published,python/practical-coding/implement-decorator-measuring-elapsed-time-preserves-wrapped.md
py-prac-0018,2026-09-04,published,python/practical-coding/design-thread-safe-rate-limit-decorator-injected.md
py-prac-0019,2026-09-04,published,python/practical-coding/implement-context-manager-transaction-like-resource-commits.md
py-prac-0020,2026-09-04,published,python/practical-coding/implement-validation-descriptor-stores-values-separately-instance.md
py-prac-0021,2026-09-04,published,python/practical-coding/design-immutable-value-object-correctly-consistent-eq.md
py-prac-0022,2026-09-04,published,python/practical-coding/prime-checks-divisors-up-int-sqrt-write.md
py-prac-0023,2026-09-04,published,python/practical-coding/write-tests-sum-api-returns-indices-first.md
py-prac-0024,2026-09-04,published,python/practical-coding/write-tests-maximum-overlapping-intervals-function-intervals.md
py-prac-0025,2026-09-04,published,python/practical-coding/write-boundary-round-trip-tests-rle-decoder.md
cs-cmplx-0002,2026-09-04,published,cs/complexity-and-analysis/time-complexity-code-range-range-work-sum.md
cs-cmplx-0003,2026-09-04,published,cs/complexity-and-analysis/big-drop-constants-lower-order-terms-yet.md
cs-dstruct-0001,2026-09-04,published,cs/data-structures/stream-jobs-choose-hash-table-lookup-id.md
cs-dstruct-0002,2026-09-04,published,cs/data-structures/deque-better-list-queue-sliding-window-algorithm.md
cs-algo-0001,2026-09-04,published,cs/algorithms/preconditions-binary-search-need-inserting-sorted-list.md
cs-algo-0002,2026-09-04,published,cs/algorithms/choose-bfs-graph-traversal-dfs.md
cs-algo-0003,2026-09-04,published,cs/algorithms/memoization-bottom-up-dynamic-programming-change-complexity.md
db-idxplan-0001,2026-09-04,published,databases/indexing-and-query-plans/index-speed-up-read-query-increase-storage.md
db-sqlq-0001,2026-09-04,published,databases/sql-queries/write-query-returns-all-customers-including-zero.md
db-txiso-0001,2026-09-04,published,databases/transactions-and-isolation/failure-debit-credit-transaction-leave-partial-transfer.md
db-txiso-0002,2026-09-04,published,databases/transactions-and-isolation/isolation-level-affect-concurrent-anomalies-stronger-isolation.md
db-relmod-0001,2026-09-04,published,databases/relational-model/primary-key-foreign-key-unique-check-constraints.md
db-sqlq-0002,2026-09-04,published,databases/sql-queries/parameterized-sql-query-protect-against-injection-string.md
db-idxplan-0002,2026-09-04,published,databases/indexing-and-query-plans/keyset-pagination-unique-tie-breaker-order-better.md
eng-vcs-0002,2026-09-04,published,engineering/version-control/merge-commit-differ-rebase-history-shape-commit.md
eng-vcs-0003,2026-09-04,published,engineering/version-control/rebasing-local-unpublished-branch-appropriate-dangerously-rewrite.md
eng-vcs-0004,2026-09-04,published,engineering/version-control/choose-git-revert-undoing-something-shared-history.md
eng-cicd-0001,2026-09-04,published,engineering/ci-cd/change-touches-payment-calculation-minimum-required-ci.md
eng-cicd-0002,2026-09-04,published,engineering/ci-cd/choose-rolling-blue-green-canary-deployment-based.md
eng-cicd-0003,2026-09-04,published,engineering/ci-cd/running-ci-pull-request-shorten-feedback-loop.md
eng-codeq-0001,2026-09-04,published,engineering/code-quality/reviewer-approve-imperfect-change-improves-overall-code.md
