course_card_id,question_id,current_path
electronics-s02-0001,emb-elintro-0001,embedded/electronics-course-introduction/lumped-circuit-model-needed.md
electronics-s02-0002,emb-elintro-0002,embedded/electronics-course-introduction/key-difference-between-analog-digital-signal.md
electronics-s02-0003,emb-elintro-0003,embedded/electronics-course-introduction/function-resistor-circuit.md
electronics-s02-0004,emb-elintro-0004,embedded/electronics-course-introduction/what-is-the-function-of-a-capacitor.md
electronics-s02-0005,emb-elintro-0005,embedded/electronics-course-introduction/what-is-the-function-of-an-inductor.md
electronics-s02-0006,emb-elintro-0006,embedded/electronics-course-introduction/what-is-the-function-of-a-diode.md
electronics-s02-0007,emb-elintro-0007,embedded/electronics-course-introduction/identify-diode-cathode-package.md
electronics-s02-0008,emb-elintro-0008,embedded/electronics-course-introduction/bjt-differ-mosfet-controlled.md
electronics-s02-0009,emb-elintro-0009,embedded/electronics-course-introduction/bands-resistor-mean.md
electronics-s02-0010,emb-elintro-0010,embedded/electronics-course-introduction/electrolytic-capacitor-not-connected-reversed-polarity.md
electronics-s02-0011,emb-elintro-0011,embedded/electronics-course-introduction/decode-smd-component-size.md
electronics-s02-0012,emb-elintro-0012,embedded/electronics-course-introduction/ferrite-bead-used.md
electronics-s02-0013,emb-elintro-0013,embedded/electronics-course-introduction/advantage-through-hole-mounting-tht-over-smd.md
electronics-s02-0014,emb-elintro-0014,embedded/electronics-course-introduction/correctly-connect-multimeter-measure-current.md
electronics-s02-0015,emb-elintro-0015,embedded/electronics-course-introduction/function-multimeter-measure.md
electronics-s02-0016,emb-elintro-0016,embedded/electronics-course-introduction/digital-logic-two-state-signal-mean.md
electronics-s02-0017,emb-elintro-0017,embedded/electronics-course-introduction/digital-electronics-still-based-analog-electronics.md
electronics-s02-0018,emb-elintro-0018,embedded/electronics-course-introduction/adc-analog-digital-converter.md
electronics-s02-0019,emb-elintro-0019,embedded/electronics-course-introduction/digital-representation-analog-signal-not-perfectly-accurate.md
electronics-s02-0020,emb-elintro-0020,embedded/electronics-course-introduction/system-units-used-electronics.md
electronics-s02-0021,emb-elintro-0021,embedded/electronics-course-introduction/coulomb-many-electrons-make.md
electronics-s02-0022,emb-elintro-0022,embedded/electronics-course-introduction/what-is-an-ampere.md
electronics-s02-0023,emb-elintro-0023,embedded/electronics-course-introduction/what-is-a-volt.md
electronics-s02-0024,emb-elintro-0024,embedded/electronics-course-introduction/what-is-a-watt.md
electronics-s02-0025,emb-elintro-0025,embedded/electronics-course-introduction/prefixes-needed-electronics.md
electronics-s02-0026,emb-elintro-0026,embedded/electronics-course-introduction/convert-3-0-10-w-kilowatts.md
electronics-s02-0027,emb-elintro-0027,embedded/electronics-course-introduction/orient-dip-chip-find-pin.md
electronics-s02-0028,emb-elintro-0028,embedded/electronics-course-introduction/stored-antistatic-foam-esd-packaging.md
electronics-s02-0029,emb-elintro-0029,embedded/electronics-course-introduction/why-is-silicon-a-semiconductor.md
electronics-s02-0030,emb-elintro-0030,embedded/electronics-course-introduction/difference-between-type-type-silicon.md
electronics-s02-0031,emb-elintro-0031,embedded/electronics-course-introduction/conventional-current-differ-electron-flow.md
electronics-s02-0032,emb-elintro-0032,embedded/electronics-course-introduction/happens-boundary-junction.md
electronics-s02-0033,emb-elintro-0033,embedded/electronics-course-introduction/many-electrons-coulomb.md
electronics-s02-0034,emb-elintro-0034,embedded/electronics-course-introduction/copper-good-conductor-rubber-insulator.md
electronics-s02-0035,emb-elintro-0035,embedded/electronics-course-introduction/what-is-a-hole-in-a-semiconductor.md
electronics-s02-0036,emb-elintro-0036,embedded/electronics-course-introduction/doping-two-main-methods.md
electronics-s02-0037,emb-elintro-0037,embedded/electronics-course-introduction/many-valence-electrons-conductor-insulator-semiconductor-have.md
electronics-s02-0038,emb-elintro-0038,embedded/electronics-course-introduction/atomic-number-atomic-mass-differ.md
electronics-s02-0039,emb-elintro-0039,embedded/electronics-course-introduction/valence-electron-matter-electronics.md
electronics-s02-0040,emb-elintro-0040,embedded/electronics-course-introduction/type-impurities-called-donors-type-impurities-acceptors.md
electronics-s02-0041,emb-elintro-0041,embedded/electronics-course-introduction/electric-current-unit.md
electronics-s02-0042,emb-elintro-0042,embedded/electronics-course-introduction/electric-voltage-unit.md
electronics-s02-0043,emb-elintro-0043,embedded/electronics-course-introduction/voltage-always-relative.md
electronics-s02-0044,emb-elintro-0044,embedded/electronics-course-introduction/write-law-three-forms.md
electronics-s02-0045,emb-elintro-0045,embedded/electronics-course-introduction/three-forms-electric-power-formula.md
electronics-s02-0046,emb-elintro-0046,embedded/electronics-course-introduction/voltmeter-connected-parallel-series.md
electronics-s02-0047,emb-elintro-0047,embedded/electronics-course-introduction/current-dangerous-person.md
electronics-s02-0048,emb-elintro-0048,embedded/electronics-course-introduction/calculate-resistor-led-vsupply-20ma.md
electronics-s02-0049,emb-elintro-0049,embedded/electronics-course-introduction/many-watts-arduino-uno-draw-50ma.md
electronics-s02-0050,emb-elintro-0050,embedded/electronics-course-introduction/voltmeter-have-very-high-internal-resistance.md
electronics-s02-0051,emb-elintro-0051,embedded/electronics-course-introduction/happens-ammeter-connected-directly-across-power-source.md
electronics-s02-0052,emb-elintro-0052,embedded/electronics-course-introduction/energy-differ-power.md
electronics-s02-0053,emb-elintro-0053,embedded/electronics-course-introduction/name-three-ways-generate-voltage.md
electronics-s02-0054,emb-elintro-0054,embedded/electronics-course-introduction/difference-between-primary-secondary-batteries.md
electronics-s02-0055,emb-elintro-0055,embedded/electronics-course-introduction/what-is-mah-and-what-does-it.md
electronics-s02-0056,emb-elintro-0056,embedded/electronics-course-introduction/accurate-capacity-unit.md
electronics-s02-0057,emb-elintro-0057,embedded/electronics-course-introduction/battery-internal-resistance-affect-voltage.md
electronics-s02-0058,emb-elintro-0058,embedded/electronics-course-introduction/voltage-capacity-change-batteries-connected-series.md
electronics-s02-0059,emb-elintro-0059,embedded/electronics-course-introduction/voltage-capacity-change-batteries-connected-parallel.md
electronics-s02-0060,emb-elintro-0060,embedded/electronics-course-introduction/dangerous-parallel-batteries-different-chemistry-charge-level.md
electronics-s02-0061,emb-elintro-0061,embedded/electronics-course-introduction/did-einstein-receive-nobel-prize-physics.md
electronics-s02-0062,emb-elintro-0062,embedded/electronics-course-introduction/test-battery-without-multimeter.md
electronics-s02-0063,emb-elintro-0063,embedded/electronics-course-introduction/batteries-series-string-have-same-capacity-state.md
electronics-s02-0064,emb-elintro-0064,embedded/electronics-course-introduction/c-rate-battery.md
electronics-s02-0065,emb-elintro-0065,embedded/electronics-course-introduction/happens-two-batteries-connected-parallel-reversed-polarity.md
electronics-s02-0066,emb-elintro-0066,embedded/electronics-course-introduction/faraday-law-happens-conductor-moves-magnetic-field.md
electronics-s02-0067,emb-elintro-0067,embedded/electronics-course-introduction/electric-motor-differ-generator.md
electronics-s02-0068,emb-elintro-0068,embedded/electronics-course-introduction/many-cells-inside-battery.md
electronics-s02-0069,emb-elintro-0069,embedded/electronics-course-introduction/photoelectric-effect-depend.md
electronics-s02-0070,emb-elintro-0070,embedded/electronics-course-introduction/equivalent-internal-resistance-change-batteries-series.md
electronics-s02-0071,emb-elintro-0071,embedded/electronics-course-introduction/equivalent-internal-resistance-identical-batteries-change-parallel.md
electronics-s02-0072,emb-elintro-0072,embedded/electronics-course-introduction/only-batteries-close-voltages-connected-parallel.md
electronics-s02-0073,emb-elintro-0073,embedded/electronics-course-introduction/estimate-balancing-current-between-two-parallel-batteries.md
electronics-s02-0074,emb-elintro-0074,embedded/electronics-course-introduction/minus-sign-mean-faraday-law-emfnfracdphidt.md
electronics-s02-0075,emb-elintro-0075,embedded/electronics-course-introduction/battery-poorly-suited-high-currents.md
electronics-s02-0076,emb-elintro-0076,embedded/electronics-course-introduction/solar-panel-not-just-piece-silicon-light.md
electronics-s02-0077,emb-elintro-0077,embedded/electronics-course-introduction/key-difference-between.md
electronics-s02-0078,emb-elintro-0078,embedded/electronics-course-introduction/rms-used-ac.md
electronics-s02-0079,emb-elintro-0079,embedded/electronics-course-introduction/outlet-mean-peak.md
electronics-s02-0080,emb-elintro-0080,embedded/electronics-course-introduction/mains-voltage-frequency-ukraine-europe.md
electronics-s02-0081,emb-elintro-0081,embedded/electronics-course-introduction/vcvs-typical-use.md
electronics-s02-0082,emb-elintro-0082,embedded/electronics-course-introduction/cheap-wall-adapter-output-load.md
electronics-s02-0083,emb-elintro-0083,embedded/electronics-course-introduction/formula-relates-vrms-sine-wave.md
electronics-s02-0084,emb-elintro-0084,embedded/electronics-course-introduction/vpeak-vrms-related-sine-wave.md
electronics-s02-0085,emb-elintro-0085,embedded/electronics-course-introduction/transformer-not-work-steady.md
electronics-s02-0086,emb-elintro-0086,embedded/electronics-course-introduction/mains-frequency-matter-transformer.md
electronics-s02-0087,emb-elintro-0087,embedded/electronics-course-introduction/what-is-ripple-after-a-rectifier.md
electronics-s02-0088,emb-elintro-0088,embedded/electronics-course-introduction/mains-value-not-mean-maximum-only.md
electronics-s02-0089,emb-elintro-0089,embedded/electronics-course-introduction/law-has-three-forms-know-heart.md
electronics-s02-0090,emb-elintro-0090,embedded/electronics-course-introduction/three-forms-power-formula.md
electronics-s02-0091,emb-elintro-0091,embedded/electronics-course-introduction/processors-lower-supply-voltage-generation-12v.md
electronics-s02-0092,emb-elintro-0092,embedded/electronics-course-introduction/p-gt-0-p-lt-0-circuit.md
electronics-s02-0093,emb-elintro-0093,embedded/electronics-course-introduction/formula-real-power-circuit-phase-shift.md
electronics-s02-0094,emb-elintro-0094,embedded/electronics-course-introduction/power-470-resistor-15-ma.md
electronics-s02-0095,emb-elintro-0095,embedded/electronics-course-introduction/power-factor-cos-matter-power-engineering.md
electronics-s02-0096,emb-elintro-0096,embedded/electronics-course-introduction/passive-sign-convention-power.md
electronics-s02-0097,emb-elintro-0097,embedded/electronics-course-introduction/choose-resistor-power-rating-margin.md
electronics-s02-0098,emb-elintro-0098,embedded/electronics-course-introduction/real-power-differ-apparent-power-circuit.md
electronics-s02-0099,emb-elintro-0099,embedded/electronics-course-introduction/reactive-load-increase-mains-current-without-doing.md
electronics-s02-0100,emb-elintro-0100,embedded/electronics-course-introduction/besides-dynamic-power-other-power-cmos-have.md
electronics-s02-0101,emb-elintro-0101,embedded/electronics-course-introduction/formula-total-resistance-series-resistors.md
electronics-s02-0102,emb-elintro-0102,embedded/electronics-course-introduction/find-i-vr-vr-r-100-r.md
electronics-s02-0103,emb-elintro-0103,embedded/electronics-course-introduction/current-same-every-element-series-circuit.md
electronics-s02-0104,emb-elintro-0104,embedded/electronics-course-introduction/trench-middle-breadboard.md
electronics-s02-0105,emb-elintro-0105,embedded/electronics-course-introduction/rows-power-rails-breadboard-connected.md
electronics-s02-0106,emb-elintro-0106,embedded/electronics-course-introduction/ammeter-connected-series-rather-parallel.md
electronics-s02-0107,emb-elintro-0107,embedded/electronics-course-introduction/bench-power-supply-show-nothing-connected-output.md
electronics-s02-0108,emb-elintro-0108,embedded/electronics-course-introduction/kirchhoff-voltage-law-kvl.md
electronics-s02-0109,emb-elintro-0109,embedded/electronics-course-introduction/voltage-divider-formula-two-series-resistors.md
electronics-s02-0110,emb-elintro-0110,embedded/electronics-course-introduction/load-change-voltage-divider.md
electronics-s02-0111,emb-elintro-0111,embedded/electronics-course-introduction/check-breadboard-breaks-power-rails.md
electronics-s02-0112,emb-elintro-0112,embedded/electronics-course-introduction/find-equivalent-resistance-two-parallel-resistors.md
electronics-s02-0113,emb-elintro-0113,embedded/electronics-course-introduction/led-differ-resistor-voltage-changes-current.md
electronics-s02-0114,emb-elintro-0114,embedded/electronics-course-introduction/forward-voltage-red-green-blue-led.md
electronics-s02-0115,emb-elintro-0115,embedded/electronics-course-introduction/formula-led-current-limiting-resistor.md
electronics-s02-0116,emb-elintro-0116,embedded/electronics-course-introduction/identify-led-cathode-appearance.md
electronics-s02-0117,emb-elintro-0117,embedded/electronics-course-introduction/happens-currents-parallel-branches-fed-source.md
electronics-s02-0118,emb-elintro-0118,embedded/electronics-course-introduction/safe-current-ordinary-led.md
electronics-s02-0119,emb-elintro-0119,embedded/electronics-course-introduction/color-led-produce-yellow.md
electronics-s02-0120,emb-elintro-0120,embedded/electronics-course-introduction/calculate-resistor-red-led-15ma.md
electronics-s02-0121,emb-elintro-0121,embedded/electronics-course-introduction/led-not-connected-directly-voltage-source-without.md
electronics-s02-0122,emb-elintro-0122,embedded/electronics-course-introduction/better-give-parallel-leds-separate-resistors.md
electronics-s02-0123,emb-elintro-0123,embedded/electronics-course-introduction/reverse-voltage-dangerous-led.md
electronics-s02-0124,emb-elintro-0124,embedded/electronics-course-introduction/temperature-affect-led-forward-voltage.md
electronics-s02-0125,emb-elintro-0125,embedded/electronics-course-introduction/formula-reading-band-resistor.md
electronics-s02-0126,emb-elintro-0126,embedded/electronics-course-introduction/read-resistor-brown-red-orange-gold.md
electronics-s02-0127,emb-elintro-0127,embedded/electronics-course-introduction/difference-between-band-band-resistor.md
electronics-s02-0128,emb-elintro-0128,embedded/electronics-course-introduction/rule-choosing-resistor-power-rating-margin-rule.md
electronics-s02-0129,emb-elintro-0129,embedded/electronics-course-introduction/formula-capacitor-charge.md
electronics-s02-0130,emb-elintro-0130,embedded/electronics-course-introduction/capacitor-types-polarized-not.md
electronics-s02-0131,emb-elintro-0131,embedded/electronics-course-introduction/capacitor-esr-matter.md
electronics-s02-0132,emb-elintro-0132,embedded/electronics-course-introduction/capacitor-type-best-supply-bypass-filter.md
electronics-s02-0133,emb-elintro-0133,embedded/electronics-course-introduction/read-three-digit-capacitor-code-such.md
electronics-s02-0134,emb-elintro-0134,embedded/electronics-course-introduction/capacitor-voltage-rating-chosen-margin.md
electronics-s02-0135,emb-elintro-0135,embedded/electronics-course-introduction/capacitor-esr-simple-terms.md
electronics-s02-0136,emb-elintro-0136,embedded/electronics-course-introduction/resistor-tolerance-affect-real-value.md
electronics-s02-0137,emb-elintro-0137,embedded/electronics-course-introduction/energy-stored-inductor.md
electronics-s02-0138,emb-elintro-0138,embedded/electronics-course-introduction/lenz-s-law.md
electronics-s02-0139,emb-elintro-0139,embedded/electronics-course-introduction/formula-inductive-reactance.md
electronics-s02-0140,emb-elintro-0140,embedded/electronics-course-introduction/capacitor-change-frequency-rises-unlike.md
electronics-s02-0141,emb-elintro-0141,embedded/electronics-course-introduction/breaking-circuit-inductor-dangerous.md
electronics-s02-0142,emb-elintro-0142,embedded/electronics-course-introduction/inductor-behave-steady.md
electronics-s02-0143,emb-elintro-0143,embedded/electronics-course-introduction/tell-axial-inductor-resistor-multimeter.md
electronics-s02-0144,emb-elintro-0144,embedded/electronics-course-introduction/lc-tank-resonance.md
electronics-s02-0145,emb-elintro-0145,embedded/electronics-course-introduction/basic-inductor-formula.md
electronics-s02-0146,emb-elintro-0146,embedded/electronics-course-introduction/current-through-inductor-not-change-instantly.md
electronics-s02-0147,emb-elintro-0147,embedded/electronics-course-introduction/inductor-core-saturation.md
electronics-s02-0148,emb-elintro-0148,embedded/electronics-course-introduction/inductors-often-called-chokes.md
electronics-s02-0149,emb-elintro-0149,embedded/electronics-course-introduction/basic-formula-ideal-transformer.md
electronics-s02-0150,emb-elintro-0150,embedded/electronics-course-introduction/transformer-has-primary-turns-secondary-turns-step.md
electronics-s02-0151,emb-elintro-0151,embedded/electronics-course-introduction/isolation-transformer-needed.md
electronics-s02-0152,emb-elintro-0152,embedded/electronics-course-introduction/power-grids-transmit-electricity-very-high-voltage.md
electronics-s02-0153,emb-elintro-0153,embedded/electronics-course-introduction/square-wave-not-fed-transformer-carelessly.md
electronics-s02-0154,emb-elintro-0154,embedded/electronics-course-introduction/transformer-reflected-impedance.md
electronics-s02-0155,emb-elintro-0155,embedded/electronics-course-introduction/transformer-center-tap-used.md
electronics-s02-0156,emb-elintro-0156,embedded/electronics-course-introduction/transformer-transfer-energy-only-alternating-current-pulses.md
electronics-s02-0157,emb-elintro-0157,embedded/electronics-course-introduction/tell-whether-transformer-step-step-down.md
electronics-s02-0158,emb-elintro-0158,embedded/electronics-course-introduction/current-transformer-change-inversely-voltage.md
electronics-s02-0159,emb-elintro-0159,embedded/electronics-course-introduction/transformer-galvanic-isolation-provide.md
electronics-s02-0160,emb-elintro-0160,embedded/electronics-course-introduction/center-tap-transformer.md
electronics-s02-0161,emb-elintro-0161,embedded/electronics-course-introduction/difference-between-type-type-semiconductors.md
electronics-s02-0162,emb-elintro-0162,embedded/electronics-course-introduction/depletion-region-junction.md
electronics-s02-0163,emb-elintro-0163,embedded/electronics-course-introduction/forward-turn-voltage-schottky-diodes.md
electronics-s02-0164,emb-elintro-0164,embedded/electronics-course-introduction/zener-diode-mode-operate.md
electronics-s02-0165,emb-elintro-0165,embedded/electronics-course-introduction/schottky-diode-faster-standard-diode.md
electronics-s02-0166,emb-elintro-0166,embedded/electronics-course-introduction/blue-led-need-higher-red.md
electronics-s02-0167,emb-elintro-0167,embedded/electronics-course-introduction/calculate-current-diode.md
electronics-s02-0168,emb-elintro-0168,embedded/electronics-course-introduction/happens-applied-1n4001-diode-vrrm.md
electronics-s02-0169,emb-elintro-0169,embedded/electronics-course-introduction/diode-current-grow-nonlinearly-turn.md
electronics-s02-0170,emb-elintro-0170,embedded/electronics-course-introduction/diode-reverse-leakage-current.md
electronics-s02-0171,emb-elintro-0171,embedded/electronics-course-introduction/trade-off-schottky-diode-compared-ordinary-silicon.md
electronics-s02-0172,emb-elintro-0172,embedded/electronics-course-introduction/diode-parameters-check-first-datasheet.md
electronics-s02-0173,emb-elintro-0173,embedded/electronics-course-introduction/what-is-octopart-and-what-is-it.md
electronics-s02-0174,emb-elintro-0174,embedded/electronics-course-introduction/what-is-rohs-and-what-is-it.md
electronics-s02-0175,emb-elintro-0175,embedded/electronics-course-introduction/datasheet-section-never-exceeded.md
electronics-s02-0176,emb-elintro-0176,embedded/electronics-course-introduction/wired-circuit-use-schottky-diodes.md
electronics-s02-0177,emb-elintro-0177,embedded/electronics-course-introduction/half-wave-rectifier-differ-bridge-rectifier.md
electronics-s02-0178,emb-elintro-0178,embedded/electronics-course-introduction/large-electrolytic-capacitor-needed-rectifier-power-supply.md
electronics-s02-0179,emb-elintro-0179,embedded/electronics-course-introduction/smps-better-classic-linear-wall-wart.md
electronics-s02-0180,emb-elintro-0180,embedded/electronics-course-introduction/cut-tape-tape-amp-reel.md
electronics-s02-0181,emb-elintro-0181,embedded/electronics-course-introduction/many-diodes-conduct-same-time-bridge-rectifier.md
electronics-s02-0182,emb-elintro-0182,embedded/electronics-course-introduction/approximate-ripple-formula-capacitor-rectifier.md
electronics-s02-0183,emb-elintro-0183,embedded/electronics-course-introduction/transformer-smps-much-smaller.md
electronics-s02-0184,emb-elintro-0184,embedded/electronics-course-introduction/use-parametric-filters-searching-components.md
electronics-s02-0185,emb-elintro-0185,embedded/electronics-course-introduction/happens-diode-under-reverse-bias.md
electronics-s02-0186,emb-elintro-0186,embedded/electronics-course-introduction/simple-zener-voltage-regulator-work.md
electronics-s02-0187,emb-elintro-0187,embedded/electronics-course-introduction/regulator-line-regulation.md
electronics-s02-0188,emb-elintro-0188,embedded/electronics-course-introduction/regulator-load-regulation.md
electronics-s02-0189,emb-elintro-0189,embedded/electronics-course-introduction/minimum-vin-stable-operation-zener.md
electronics-s02-0190,emb-elintro-0190,embedded/electronics-course-introduction/diode-schottky-green-led-series-total-voltage.md
electronics-s02-0191,emb-elintro-0191,embedded/electronics-course-introduction/improve-load-regulation-simple-zener-regulator.md
electronics-s02-0192,emb-elintro-0192,embedded/electronics-course-introduction/vin-1n4001-power-resistor.md
electronics-s02-0193,emb-elintro-0193,embedded/electronics-course-introduction/choose-series-resistor-simple-zener-regulator.md
electronics-s02-0194,emb-elintro-0194,embedded/electronics-course-introduction/check-zener-power-dissipation.md
electronics-s02-0195,emb-elintro-0195,embedded/electronics-course-introduction/output-voltage-emitter-follower-zener.md
electronics-s02-0196,emb-elintro-0196,embedded/electronics-course-introduction/simple-zener-regulator-poor-high-currents.md
electronics-s02-0197,emb-elintro-0197,embedded/electronics-course-introduction/three-terminals-bjt-functions.md
electronics-s02-0198,emb-elintro-0198,embedded/electronics-course-introduction/basic-bjt-formula-active-mode.md
electronics-s02-0199,emb-elintro-0199,embedded/electronics-course-introduction/kirchhoff-current-law-bjt.md
electronics-s02-0200,emb-elintro-0200,embedded/electronics-course-introduction/vbe-value-transistor.md
electronics-s02-0201,emb-elintro-0201,embedded/electronics-course-introduction/name-three-operating-modes-bjt.md
electronics-s02-0202,emb-elintro-0202,embedded/electronics-course-introduction/condition-active-mode-npn-transistor.md
electronics-s02-0203,emb-elintro-0203,embedded/electronics-course-introduction/saturation-condition-npn-transistor.md
electronics-s02-0204,emb-elintro-0204,embedded/electronics-course-introduction/formula-through-base-resistor.md
electronics-s02-0205,emb-elintro-0205,embedded/electronics-course-introduction/bjt-not-just-two-back-back-diodes.md
electronics-s02-0206,emb-elintro-0206,embedded/electronics-course-introduction/simple-npn-circuit-work-logic-inverter.md
electronics-s02-0207,emb-elintro-0207,embedded/electronics-course-introduction/amps-used-amplification-often-bjt-today.md
electronics-s02-0208,emb-elintro-0208,embedded/electronics-course-introduction/forced-beta-not-datasheet-hfe-often-used.md
electronics-s02-0209,emb-elintro-0209,embedded/electronics-course-introduction/measure-transistor-multimeter.md
electronics-s02-0210,emb-elintro-0210,embedded/electronics-course-introduction/2n2222-pn2222-pinout-package-check-datasheet.md
electronics-s02-0211,emb-elintro-0211,embedded/electronics-course-introduction/vce-saturation-rather-exactly.md
electronics-s02-0212,emb-elintro-0212,embedded/electronics-course-introduction/find-vin-vcc-transistor-saturated.md
electronics-s02-0213,emb-elintro-0213,embedded/electronics-course-introduction/calculate-guarantee-transistor-saturation.md
electronics-s02-0214,emb-elintro-0214,embedded/electronics-course-introduction/betaeffective-saturation-much-lower-theoretical.md
electronics-s02-0215,emb-elintro-0215,embedded/electronics-course-introduction/did-not-change-was-changed.md
electronics-s02-0216,emb-elintro-0216,embedded/electronics-course-introduction/flyback-diode-needed-transistor-drives-relay.md
electronics-s02-0217,emb-elintro-0217,embedded/electronics-course-introduction/pnp-high-side-switch-signal-turns-high.md
electronics-s02-0218,emb-elintro-0218,embedded/electronics-course-introduction/drive-times-higher-minimum-required-overdrive.md
electronics-s02-0219,emb-elintro-0219,embedded/electronics-course-introduction/flyback-diode-oriented-across-relay-coil.md
electronics-s02-0220,emb-elintro-0220,embedded/electronics-course-introduction/pnp-high-side-switch-need-base-emitter.md
electronics-s02-0221,emb-elintro-0221,embedded/electronics-course-introduction/measurement-collector-npn-switch-show-button-not.md
electronics-s02-0222,emb-elintro-0222,embedded/electronics-course-introduction/collector-measurement-show-npn-switch-saturated.md
electronics-s02-0223,emb-elintro-0223,embedded/electronics-course-introduction/led-collector-branch-light-transistor-off.md
electronics-s02-0224,emb-elintro-0224,embedded/electronics-course-introduction/led-collector-branch-out-npn-turns.md
electronics-s02-0225,emb-elintro-0225,embedded/electronics-course-introduction/common-emitter-mean-npn-switch-circuit.md
electronics-s02-0226,emb-elintro-0226,embedded/electronics-course-introduction/led-emitter-branch-differ-led-collector-branch.md
electronics-s02-0227,emb-elintro-0227,embedded/electronics-course-introduction/emitter-current-equal-sum-base-collector-currents.md
electronics-s02-0228,emb-elintro-0228,embedded/electronics-course-introduction/better-place-motor-collector-branch-npn-emitter.md
electronics-s02-0229,emb-elintro-0229,embedded/electronics-course-introduction/did-collector-fail-start-motor-while-let.md
electronics-s02-0230,emb-elintro-0230,embedded/electronics-course-introduction/motor-stall-current-matter.md
electronics-s02-0231,emb-elintro-0231,embedded/electronics-course-introduction/kickback-flyback-diode-needed-across-motor-relay.md
electronics-s02-0232,emb-elintro-0232,embedded/electronics-course-introduction/flyback-diode-oriented-motor-npn-low-side.md
electronics-s02-0233,emb-elintro-0233,embedded/electronics-course-introduction/parallel-bjts-current-risk.md
electronics-s02-0234,emb-elintro-0234,embedded/electronics-course-introduction/learn-bjts-mosfet-often-better-power-switches.md
electronics-s02-0235,emb-elintro-0235,embedded/electronics-course-introduction/abbreviation-mosfet-stand.md
electronics-s02-0236,emb-elintro-0236,embedded/electronics-course-introduction/mosfet-fundamentally-differ-bjt-controlled.md
electronics-s02-0237,emb-elintro-0237,embedded/electronics-course-introduction/almost-steady-current-flow-through-mosfet-gate.md
electronics-s02-0238,emb-elintro-0238,embedded/electronics-course-introduction/channel-mosfet-mean.md
electronics-s02-0239,emb-elintro-0239,embedded/electronics-course-introduction/what-is-vth-in-a-mosfet.md
electronics-s02-0240,emb-elintro-0240,embedded/electronics-course-introduction/simplified-mosfet-current-formula-saturation-region.md
electronics-s02-0241,emb-elintro-0241,embedded/electronics-course-introduction/three-main-operating-modes-mosfet.md
electronics-s02-0242,emb-elintro-0242,embedded/electronics-course-introduction/term-saturation-mosfet-confusing-bjt.md
electronics-s02-0243,emb-elintro-0243,embedded/electronics-course-introduction/what-is-rdson-and-why-does-it.md
electronics-s02-0244,emb-elintro-0244,embedded/electronics-course-introduction/mosfet-efficient-high-currents.md
electronics-s02-0245,emb-elintro-0245,embedded/electronics-course-introduction/body-diode-mosfet.md
electronics-s02-0246,emb-elintro-0246,embedded/electronics-course-introduction/source-often-connected-body-inside-mosfet.md
electronics-s02-0247,emb-elintro-0247,embedded/electronics-course-introduction/enhancement-mode-mean-differ-depletion-mode.md
electronics-s02-0248,emb-elintro-0248,embedded/electronics-course-introduction/igapprox0-mean-microcontroller-driving-mosfet.md
electronics-s02-0249,emb-elintro-0249,embedded/electronics-course-introduction/logic-level-mosfet-differ-standard-mosfet.md
electronics-s02-0250,emb-elintro-0250,embedded/electronics-course-introduction/mosfet-not-chosen-vth-alone.md
electronics-s02-0251,emb-elintro-0251,embedded/electronics-course-introduction/mosfet-parameters-check-first-datasheet.md
electronics-s02-0252,emb-elintro-0252,embedded/electronics-course-introduction/mosfet-need-pull-down-resistor-gate.md
electronics-s02-0253,emb-elintro-0253,embedded/electronics-course-introduction/channel-mosfet-work-low-side-switch.md
electronics-s02-0254,emb-elintro-0254,embedded/electronics-course-introduction/channel-mosfet-work-high-side-switch.md
electronics-s02-0255,emb-elintro-0255,embedded/electronics-course-introduction/channel-mosfet-often-used-high-side-switch.md
electronics-s02-0256,emb-elintro-0256,embedded/electronics-course-introduction/sot-package-several-drain-pins-mean.md
electronics-s02-0257,emb-elintro-0257,embedded/electronics-course-introduction/rdson-read-specific-vgs.md
electronics-s02-0258,emb-elintro-0258,embedded/electronics-course-introduction/gate-charge-matter-fast-switching.md
electronics-s02-0259,emb-elintro-0259,embedded/electronics-course-introduction/mosfet-body-diode-problem-switching-circuit.md
electronics-s02-0260,emb-elintro-0260,embedded/electronics-course-introduction/practical-checklist-choosing-mosfet-load.md
electronics-s02-0261,emb-elintro-0261,embedded/electronics-course-introduction/typical-mosfet-gate-pull-down-value-not.md
electronics-s02-0262,emb-elintro-0262,embedded/electronics-course-introduction/channel-mosfet-usually-have-higher-rdson-channel.md
electronics-s02-0263,emb-elintro-0263,embedded/electronics-course-introduction/bench-power-supply-modes.md
electronics-s02-0264,emb-elintro-0264,embedded/electronics-course-introduction/power-supply-need-output-enable-button.md
electronics-s02-0265,emb-elintro-0265,embedded/electronics-course-introduction/multimeter-current-mode-connected-series.md
electronics-s02-0266,emb-elintro-0266,embedded/electronics-course-introduction/continuity-function-multimeter-check.md
electronics-s02-0267,emb-elintro-0267,embedded/electronics-course-introduction/what-is-a-logic-probe-for.md
electronics-s02-0268,emb-elintro-0268,embedded/electronics-course-introduction/oscilloscope-differ-multimeter.md
electronics-s02-0269,emb-elintro-0269,embedded/electronics-course-introduction/oscilloscope-bandwidth-mean.md
electronics-s02-0270,emb-elintro-0270,embedded/electronics-course-introduction/oscilloscope-sampling-rate-matter.md
electronics-s02-0271,emb-elintro-0271,embedded/electronics-course-introduction/what-is-a-logic-analyzer-for.md
electronics-s02-0272,emb-elintro-0272,embedded/electronics-course-introduction/mso-better-separate-oscilloscope-digital-circuits.md
electronics-s02-0273,emb-elintro-0273,embedded/electronics-course-introduction/minimal-set-test-equipment-useful-getting-started.md
electronics-s02-0274,emb-elintro-0274,embedded/electronics-course-introduction/useful-set-current-limit-powering-new-circuit.md
electronics-s02-0275,emb-elintro-0275,embedded/electronics-course-introduction/single-channel-bench-power-supply-differ-dual.md
electronics-s02-0276,emb-elintro-0276,embedded/electronics-course-introduction/resistor-value-circuit-sometimes-not-measured-accurately.md
electronics-s02-0277,emb-elintro-0277,embedded/electronics-course-introduction/awg-rule-larger-number-thinner-wire-mean.md
electronics-s02-0278,emb-elintro-0278,embedded/electronics-course-introduction/practically-check-awg-unmarked-wire.md
electronics-s02-0279,emb-elintro-0279,embedded/electronics-course-introduction/solderless-breadboard-differ-perfboard-prototyping-board.md
electronics-s02-0280,emb-elintro-0280,embedded/electronics-course-introduction/wire-wrapping-useful.md
electronics-s02-0281,emb-elintro-0281,embedded/electronics-course-introduction/square-pins-used-wire-wrapping.md
electronics-s02-0282,emb-elintro-0282,embedded/electronics-course-introduction/soldering-station-suits-basic-electronics.md
electronics-s02-0283,emb-elintro-0283,embedded/electronics-course-introduction/snpb-solder-convenient-learning.md
electronics-s02-0284,emb-elintro-0284,embedded/electronics-course-introduction/what-is-flux-for-in-soldering.md
electronics-s02-0285,emb-elintro-0285,embedded/electronics-course-introduction/basic-safety-rules-soldering.md
electronics-s02-0286,emb-elintro-0286,embedded/electronics-course-introduction/hot-air-station.md
electronics-s02-0287,emb-elintro-0287,embedded/electronics-course-introduction/reflow-profile-smd-soldering.md
electronics-s02-0288,emb-elintro-0288,embedded/electronics-course-introduction/good-side-cutters-pliers-matter-prototyping.md
electronics-s02-0289,emb-elintro-0289,embedded/electronics-course-introduction/awg-often-convenient-breadboard-jumper-wires.md
electronics-s02-0290,emb-elintro-0290,embedded/electronics-course-introduction/clean-flux-differ-ordinary-rosin-flux.md
electronics-s02-0291,emb-elintro-0291,embedded/electronics-course-introduction/melting-point-eutectic-snpb-solder.md
electronics-s02-0292,emb-elintro-0292,embedded/electronics-course-introduction/convert-mils-millimeters.md
electronics-s02-0293,emb-elintro-0293,embedded/electronics-course-introduction/current-circuit-battery-led-not-exactly.md
electronics-s02-0294,emb-elintro-0294,embedded/electronics-course-introduction/antiparallel-connection-two-leds.md
electronics-s02-0295,emb-elintro-0295,embedded/electronics-course-introduction/antiparallel-leds-still-need-resistor.md
electronics-s02-0296,emb-elintro-0296,embedded/electronics-course-introduction/safety-glasses-needed-cutting-perfboard.md
electronics-s02-0297,emb-elintro-0297,embedded/electronics-course-introduction/wires-often-tinned-soldering.md
electronics-s02-0298,emb-elintro-0298,embedded/electronics-course-introduction/heat-shrink-tubing-used.md
electronics-s02-0299,emb-elintro-0299,embedded/electronics-course-introduction/component-placement-perfboard-planned.md
electronics-s02-0300,emb-elintro-0300,embedded/electronics-course-introduction/component-leads-sometimes-bent-soldering.md
electronics-s02-0301,emb-elintro-0301,embedded/electronics-course-introduction/check-first-connecting-battery-homemade-board.md
electronics-s02-0302,emb-elintro-0302,embedded/electronics-course-introduction/test-finished-led-board-assembly.md
electronics-s02-0303,emb-elintro-0303,embedded/electronics-course-introduction/custom-pcb-next-step-hand-prototyping.md
electronics-s02-0304,emb-elintro-0304,embedded/electronics-course-introduction/roughly-current-resulted-led-circuit-battery.md
electronics-s02-0305,emb-elintro-0305,embedded/electronics-course-introduction/cold-solder-joint-recognize.md
electronics-s02-0306,emb-elintro-0306,embedded/electronics-course-introduction/tools-cut-perfboard-pcb-material.md
electronics-s02-0307,emb-elintro-0307,embedded/electronics-course-introduction/spiral-learning-mean-electronics-course.md
electronics-s02-0308,emb-elintro-0308,embedded/electronics-course-introduction/watching-videos-not-enough-learn-circuit-design.md
electronics-s02-0309,emb-elintro-0309,embedded/electronics-course-introduction/path-pcb-project-take-electrical-idea-manufacturing.md
electronics-s02-0310,emb-elintro-0310,embedded/electronics-course-introduction/simple-blinking-led-circuit-used-electronics-learning.md
electronics-s03-0001,emb-elcirc-0001,embedded/electronics-course-circuit-analysis/three-types-circuit-analysis-used.md
electronics-s03-0002,emb-elcirc-0002,embedded/electronics-course-circuit-analysis/node-circuit-matter.md
electronics-s03-0003,emb-elcirc-0003,embedded/electronics-course-circuit-analysis/find-resistor-value-desired-current-source-voltage.md
electronics-s03-0004,emb-elcirc-0004,embedded/electronics-course-circuit-analysis/potentiometer-three-terminals-arranged.md
electronics-s03-0005,emb-elcirc-0005,embedded/electronics-course-circuit-analysis/test-potentiometer-multimeter.md
electronics-s03-0006,emb-elcirc-0006,embedded/electronics-course-circuit-analysis/easier-start-circuit-analysis-obvious-nodes.md
electronics-s03-0007,emb-elcirc-0007,embedded/electronics-course-circuit-analysis/difference-between-conventional-current-electron-flow.md
electronics-s03-0008,emb-elcirc-0008,embedded/electronics-course-circuit-analysis/current-voltage-distributed-series-circuit.md
electronics-s03-0009,emb-elcirc-0009,embedded/electronics-course-circuit-analysis/choose-resistor-power-rating-calculating-dissipation.md
electronics-s03-0010,emb-elcirc-0010,embedded/electronics-course-circuit-analysis/state-kirchhoff-current-law-kcl.md
electronics-s03-0011,emb-elcirc-0011,embedded/electronics-course-circuit-analysis/kcl-especially-necessary-single-loop-multi-loop.md
electronics-s03-0012,emb-elcirc-0012,embedded/electronics-course-circuit-analysis/sign-convention-used-writing-kcl.md
electronics-s03-0013,emb-elcirc-0013,embedded/electronics-course-circuit-analysis/kcl-prove-formula-parallel-resistors.md
electronics-s03-0014,emb-elcirc-0014,embedded/electronics-course-circuit-analysis/kvl-prove-formula-series-resistors.md
electronics-s03-0015,emb-elcirc-0015,embedded/electronics-course-circuit-analysis/three-equations-form-complete-set-analyzing-any.md
electronics-s03-0016,emb-elcirc-0016,embedded/electronics-course-circuit-analysis/not-necessary-write-formal-kcl-kvl-equations.md
electronics-s03-0017,emb-elcirc-0017,embedded/electronics-course-circuit-analysis/state-kirchhoff-voltage-law-kvl.md
electronics-s03-0018,emb-elcirc-0018,embedded/electronics-course-circuit-analysis/sign-convention-used-writing-kvl.md
electronics-s03-0019,emb-elcirc-0019,embedded/electronics-course-circuit-analysis/quickly-find-currents-parallel-resistors-once-common.md
electronics-s03-0020,emb-elcirc-0020,embedded/electronics-course-circuit-analysis/general-algorithm-analyzing-mixed-series-parallel-circuit.md
electronics-s03-0021,emb-elcirc-0021,embedded/electronics-course-circuit-analysis/quickly-check-parallel-resistance-calculation.md
electronics-s03-0022,emb-elcirc-0022,embedded/electronics-course-circuit-analysis/find-node-potential-walking-circuit-known-point.md
electronics-s03-0023,emb-elcirc-0023,embedded/electronics-course-circuit-analysis/hand-calculation-circuit-differ-slightly-exact-value.md
electronics-s03-0024,emb-elcirc-0024,embedded/electronics-course-circuit-analysis/check-analysis-kcl-branching-node.md
electronics-s03-0025,emb-elcirc-0025,embedded/electronics-course-circuit-analysis/power-component-check.md
electronics-s03-0026,emb-elcirc-0026,embedded/electronics-course-circuit-analysis/reverse-unfolding-mean-finding.md
electronics-s03-0027,emb-elcirc-0027,embedded/electronics-course-circuit-analysis/equivalent-resistance-not-enough-full-circuit-analysis.md
electronics-s03-0028,emb-elcirc-0028,embedded/electronics-course-circuit-analysis/voltage-divider-stiffness-rule-minimum-acceptable-load.md
electronics-s03-0029,emb-elcirc-0029,embedded/electronics-course-circuit-analysis/divider-out-depend-ratio-resistors-absolute-values.md
electronics-s03-0030,emb-elcirc-0030,embedded/electronics-course-circuit-analysis/design-5v-3-3v-divider-i-10.md
electronics-s03-0031,emb-elcirc-0031,embedded/electronics-course-circuit-analysis/resistive-divider-not-step-voltage.md
electronics-s03-0032,emb-elcirc-0032,embedded/electronics-course-circuit-analysis/load-change-divider-out-calculate.md
electronics-s03-0033,emb-elcirc-0033,embedded/electronics-course-circuit-analysis/resistive-divider-behave-alternating-signals.md
electronics-s03-0034,emb-elcirc-0034,embedded/electronics-course-circuit-analysis/voltage-divider-poor-power-source-load.md
electronics-s03-0035,emb-elcirc-0035,embedded/electronics-course-circuit-analysis/practically-choose-absolute-values-divider.md
electronics-s03-0036,emb-elcirc-0036,embedded/electronics-course-circuit-analysis/name-typical-applications-voltage-divider.md
electronics-s03-0037,emb-elcirc-0037,embedded/electronics-course-circuit-analysis/what-is-spice-and-what-is-it.md
electronics-s03-0038,emb-elcirc-0038,embedded/electronics-course-circuit-analysis/four-main-spice-analysis-directives.md
electronics-s03-0039,emb-elcirc-0039,embedded/electronics-course-circuit-analysis/typical-spice-prefix-trap-mega.md
electronics-s03-0040,emb-elcirc-0040,embedded/electronics-course-circuit-analysis/structure-component-line-spice-netlist.md
electronics-s03-0041,emb-elcirc-0041,embedded/electronics-course-circuit-analysis/ltspice-recommended-first-spice-simulator.md
electronics-s03-0042,emb-elcirc-0042,embedded/electronics-course-circuit-analysis/spice-not-account-default.md
electronics-s03-0043,emb-elcirc-0043,embedded/electronics-course-circuit-analysis/proteus-differ-ordinary-spice-simulators.md
electronics-s03-0044,emb-elcirc-0044,embedded/electronics-course-circuit-analysis/golden-rule-working-spice.md
electronics-s03-0045,emb-elcirc-0045,embedded/electronics-course-circuit-analysis/use-tran-spice.md
electronics-s03-0046,emb-elcirc-0046,embedded/electronics-course-circuit-analysis/minimal-checklist-trusting-spice-result.md
electronics-s04-0001,emb-elee-0001,embedded/electronics-course-ee101/topics-section-course-electrical-engineering-cover.md
electronics-s04-0002,emb-elee-0002,embedded/electronics-course-ee101/approach-mathematics-section-take.md
electronics-s04-0003,emb-elee-0003,embedded/electronics-course-ee101/knowledge-section-needed-section.md
electronics-s04-0004,emb-elee-0004,embedded/electronics-course-ee101/poles-throws-mechanical-switch-mean.md
electronics-s04-0005,emb-elee-0005,embedded/electronics-course-ee101/spst-spdt-dpst-dpdt-mean-many-contacts.md
electronics-s04-0006,emb-elee-0006,embedded/electronics-course-ee101/momentary-button-differ-latching-switch-mean.md
electronics-s04-0007,emb-elee-0007,embedded/electronics-course-ee101/contact-bounce-harm-digital-circuits.md
electronics-s04-0008,emb-elee-0008,embedded/electronics-course-ee101/find-common-com-contact-spdt-switch-multimeter.md
electronics-s04-0009,emb-elee-0009,embedded/electronics-course-ee101/dpdt-switch-used-motor-circuit.md
electronics-s04-0010,emb-elee-0010,embedded/electronics-course-ee101/main-rated-parameters-mechanical-switch.md
electronics-s04-0011,emb-elee-0011,embedded/electronics-course-ee101/potentiometer-role-wiper-play.md
electronics-s04-0012,emb-elee-0012,embedded/electronics-course-ee101/potentiometer-work-voltage-divider.md
electronics-s04-0013,emb-elee-0013,embedded/electronics-course-ee101/linear-potentiometer-taper-differ-logarithmic-taper.md
electronics-s04-0014,emb-elee-0014,embedded/electronics-course-ee101/logarithmic-potentiometer-used-volume-control.md
electronics-s04-0015,emb-elee-0015,embedded/electronics-course-ee101/turn-potentiometer-rheostat.md
electronics-s04-0016,emb-elee-0016,embedded/electronics-course-ee101/load-change-output-voltage-potentiometer-divider-practical.md
electronics-s04-0017,emb-elee-0017,embedded/electronics-course-ee101/types-potentiometers-exist-they-used.md
electronics-s04-0018,emb-elee-0018,embedded/electronics-course-ee101/capacitor-behave-circuit.md
electronics-s04-0019,emb-elee-0019,embedded/electronics-course-ee101/capacitor-reactance-depend.md
electronics-s04-0020,emb-elee-0020,embedded/electronics-course-ee101/basic-relations-describe-capacitor.md
electronics-s04-0021,emb-elee-0021,embedded/electronics-course-ee101/coupling-coupling-capacitor-used.md
electronics-s04-0022,emb-elee-0022,embedded/electronics-course-ee101/choose-coupling-capacitor-audio-signal.md
electronics-s04-0023,emb-elee-0023,embedded/electronics-course-ee101/ceramic-electrolytic-tantalum-film-capacitors-differ.md
electronics-s04-0024,emb-elee-0024,embedded/electronics-course-ee101/calculate-total-capacitance-parallel-capacitors-increase.md
electronics-s04-0025,emb-elee-0025,embedded/electronics-course-ee101/calculate-total-capacitance-series-capacitors.md
electronics-s04-0026,emb-elee-0026,embedded/electronics-course-ee101/series-connection-give-rather.md
electronics-s04-0027,emb-elee-0027,embedded/electronics-course-ee101/capacitor-gets-higher-voltage-series-connection.md
electronics-s04-0028,emb-elee-0028,embedded/electronics-course-ee101/maximum-voltage-applied-parallel-group-capacitors.md
electronics-s04-0029,emb-elee-0029,embedded/electronics-course-ee101/balancing-resistors-placed-across-series-capacitors.md
electronics-s04-0030,emb-elee-0030,embedded/electronics-course-ee101/ceramic-capacitor-placed-parallel-large-electrolytic-supply.md
electronics-s04-0031,emb-elee-0031,embedded/electronics-course-ee101/capacitor-voltage-change-while-charging-circuit.md
electronics-s04-0032,emb-elee-0032,embedded/electronics-course-ee101/time-constant-circuit.md
electronics-s04-0033,emb-elee-0033,embedded/electronics-course-ee101/fraction-source-voltage-capacitor-charge.md
electronics-s04-0034,emb-elee-0034,embedded/electronics-course-ee101/capacitor-voltage-change-while-discharging-through-resistor.md
electronics-s04-0035,emb-elee-0035,embedded/electronics-course-ee101/charging-current-circuit-highest-start-fall-zero.md
electronics-s04-0036,emb-elee-0036,embedded/electronics-course-ee101/fraction-source-energy-dissipated-resistor-capacitor-charges.md
electronics-s04-0037,emb-elee-0037,embedded/electronics-course-ee101/rc-circuits-used.md
electronics-s04-0038,emb-elee-0038,embedded/electronics-course-ee101/main-property-inductor.md
electronics-s04-0039,emb-elee-0039,embedded/electronics-course-ee101/inductor-behave-circuit-switch-steady-state.md
electronics-s04-0040,emb-elee-0040,embedded/electronics-course-ee101/inductor-reactance-depend.md
electronics-s04-0041,emb-elee-0041,embedded/electronics-course-ee101/current-rise-circuit-voltage-applied-time-constant.md
electronics-s04-0042,emb-elee-0042,embedded/electronics-course-ee101/real-inductor-differ-ideal.md
electronics-s04-0043,emb-elee-0043,embedded/electronics-course-ee101/types-inductors-exist-core-they-used.md
electronics-s04-0044,emb-elee-0044,embedded/electronics-course-ee101/derive-current-rise-law-series-circuit.md
electronics-s04-0045,emb-elee-0045,embedded/electronics-course-ee101/correctly-write-exponent-time-constant-circuit.md
electronics-s04-0046,emb-elee-0046,embedded/electronics-course-ee101/calculate-cutoff-frequency-simple-filters.md
electronics-s04-0047,emb-elee-0047,embedded/electronics-course-ee101/circuit-differ-circuit-steady-state-phase.md
electronics-s04-0048,emb-elee-0048,embedded/electronics-course-ee101/tools-used-check-circuit-calculations.md
electronics-s04-0049,emb-elee-0049,embedded/electronics-course-ee101/mnemonic-eli-mean.md
electronics-s04-0050,emb-elee-0050,embedded/electronics-course-ee101/mnemonic-ice-mean.md
electronics-s04-0051,emb-elee-0051,embedded/electronics-course-ee101/voltage-lead-current-inductor.md
electronics-s04-0052,emb-elee-0052,embedded/electronics-course-ee101/current-lead-voltage-capacitor.md
electronics-s04-0053,emb-elee-0053,embedded/electronics-course-ee101/phase-shift-between-voltage-current-affect-power.md
electronics-s04-0054,emb-elee-0054,embedded/electronics-course-ee101/move-time-domain-frequency-domain-analyzing-circuits.md
electronics-s04-0055,emb-elee-0055,embedded/electronics-course-ee101/what-is-a-phasor.md
electronics-s04-0056,emb-elee-0056,embedded/electronics-course-ee101/convert-between-polar-rectangular-forms-complex-number.md
electronics-s04-0057,emb-elee-0057,embedded/electronics-course-ee101/complex-impedance-z.md
electronics-s04-0058,emb-elee-0058,embedded/electronics-course-ee101/impedance-ideal-inductor-ideal-capacitor.md
electronics-s04-0059,emb-elee-0059,embedded/electronics-course-ee101/law-combination-rules-applied-circuits.md
electronics-s04-0060,emb-elee-0060,embedded/electronics-course-ee101/sign-impedance-angle-mean.md
electronics-s04-0061,emb-elee-0061,embedded/electronics-course-ee101/behave-very-high-frequencies.md
electronics-s04-0062,emb-elee-0062,embedded/electronics-course-ee101/plotted-complex-impedance-plane.md
electronics-s04-0063,emb-elee-0063,embedded/electronics-course-ee101/find-impedance-series-rlc-circuit-frequency.md
electronics-s04-0064,emb-elee-0064,embedded/electronics-course-ee101/series-circuit-source-voltages-across-not-add.md
electronics-s04-0065,emb-elee-0065,embedded/electronics-course-ee101/negative-impedance-angle-circuit-mean.md
electronics-s04-0066,emb-elee-0066,embedded/electronics-course-ee101/phasor-formulas-used-values-convenient-power.md
electronics-s04-0067,emb-elee-0067,embedded/electronics-course-ee101/imaginary-unit-complex-number-really-mean-electronics.md
electronics-s04-0068,emb-elee-0068,embedded/electronics-course-ee101/form-easier-add-complex-numbers-multiply-divide.md
electronics-s04-0069,emb-elee-0069,embedded/electronics-course-ee101/find-current-source.md
electronics-s04-0070,emb-elee-0070,embedded/electronics-course-ee101/atan2-better-plain-arctan-angle-complex-number.md
electronics-s04-0071,emb-elee-0071,embedded/electronics-course-ee101/conventions-kept-consistent-within-phasor-problem.md
electronics-s04-0072,emb-elee-0072,embedded/electronics-course-ee101/sequence-phasor-analysis-series-circuit.md
electronics-s04-0073,emb-elee-0073,embedded/electronics-course-ee101/transfer-function-circuit-output-across-capacitor-low.md
electronics-s04-0074,emb-elee-0074,embedded/electronics-course-ee101/circuit-input-current-voltages-across.md
electronics-s04-0075,emb-elee-0075,embedded/electronics-course-ee101/measure-phase-shift-between-two-sine-waves.md
electronics-s04-0076,emb-elee-0076,embedded/electronics-course-ee101/peak-peak-peak-amplitudes-sine-wave-related.md
electronics-s04-0077,emb-elee-0077,embedded/electronics-course-ee101/check-measured-circuit-not-match-calculation.md
electronics-s04-0078,emb-elee-0078,embedded/electronics-course-ee101/calculate-impedance-current-series-circuit.md
electronics-s04-0079,emb-elee-0079,embedded/electronics-course-ee101/circuit-input-voltage-across-coil-only.md
electronics-s04-0080,emb-elee-0080,embedded/electronics-course-ee101/frequency-circuit-increased-times-current-voltages-increase.md
electronics-s04-0081,emb-elee-0081,embedded/electronics-course-ee101/may-coil-model-only-not-match-measurements.md
electronics-s04-0082,emb-elee-0082,embedded/electronics-course-ee101/series-circuit-both-low-pass-high-pass.md
electronics-s04-0083,emb-elee-0083,embedded/electronics-course-ee101/transfer-functions-cutoff-frequency-circuit-output-across.md
electronics-s04-0084,emb-elee-0084,embedded/electronics-course-ee101/cutoff-frequency-circuit-both-outputs-input-not.md
electronics-s04-0085,emb-elee-0085,embedded/electronics-course-ee101/ground-clips-two-probes-ordinary-oscilloscope-not.md
electronics-s04-0086,emb-elee-0086,embedded/electronics-course-ee101/frequencies-convenient-checking-filter-simulator-breadboard.md
electronics-s04-0087,emb-elee-0087,embedded/electronics-course-ee101/resistor-heating-differ-behavior-ideal-capacitor-circuit.md
electronics-s04-0088,emb-elee-0088,embedded/electronics-course-ee101/isolated-source-current-resistor-power-voltage-across.md
electronics-s04-0089,emb-elee-0089,embedded/electronics-course-ee101/resistor-heating-circuit-change-source-voltage-doubled.md
electronics-s04-0090,emb-elee-0090,embedded/electronics-course-ee101/safety-rules-follow-demonstration-circuit-mains-voltage.md
electronics-s04-0091,emb-elee-0091,embedded/electronics-course-ee101/magnitude-phase-low-pass-transfer-function.md
electronics-s04-0092,emb-elee-0092,embedded/electronics-course-ee101/gain-phase-low-pass-filter-01fc-10fc.md
electronics-s04-0093,emb-elee-0093,embedded/electronics-course-ee101/signal-disappear-above-low-pass-filter-cutoff.md
electronics-s04-0094,emb-elee-0094,embedded/electronics-course-ee101/design-low-pass-filter-choosing-standard-value.md
electronics-s04-0095,emb-elee-0095,embedded/electronics-course-ee101/square-wave-have-rounded-edges-low-pass.md
electronics-s04-0096,emb-elee-0096,embedded/electronics-course-ee101/load-connected-output-low-pass-filter-change.md
electronics-s04-0097,emb-elee-0097,embedded/electronics-course-ee101/calculate-gain-decibels-power-voltage.md
electronics-s04-0098,emb-elee-0098,embedded/electronics-course-ee101/voltage-decibels-log-match-power-decibels.md
electronics-s04-0099,emb-elee-0099,embedded/electronics-course-ee101/dbm-dbv-mean.md
electronics-s04-0100,emb-elee-0100,embedded/electronics-course-ee101/stage-halves-voltage-next-amplifies-times-total.md
electronics-s04-0101,emb-elee-0101,embedded/electronics-course-ee101/voltage-not-half-amplitude.md
electronics-s04-0102,emb-elee-0102,embedded/electronics-course-ee101/decibels-not-tell-amplifier-notations-need-care.md
electronics-s04-0103,emb-elee-0103,embedded/electronics-course-ee101/cutoff-frequency-low-pass-filter-outputs-expect.md
electronics-s04-0104,emb-elee-0104,embedded/electronics-course-ee101/measure-frequency-response-low-pass-filter-breadboard.md
electronics-s04-0105,emb-elee-0105,embedded/electronics-course-ee101/generator-output-impedance-affect-filter-measurements.md
electronics-s04-0106,emb-elee-0106,embedded/electronics-course-ee101/cutoff-frequency-low-pass-filter-change-replaced.md
electronics-s04-0107,emb-elee-0107,embedded/electronics-course-ee101/distorts-filter-measurements-high-frequencies.md
electronics-s04-0108,emb-elee-0108,embedded/electronics-course-ee101/high-pass-filter-built-used.md
electronics-s04-0109,emb-elee-0109,embedded/electronics-course-ee101/transfer-function-high-pass-filter-phase-cutoff.md
electronics-s04-0110,emb-elee-0110,embedded/electronics-course-ee101/high-pass-filter-input-cutoff-frequency-outputs.md
electronics-s04-0111,emb-elee-0111,embedded/electronics-course-ee101/happens-square-wave-high-pass-filter-small.md
electronics-s04-0112,emb-elee-0112,embedded/electronics-course-ee101/load-affect-cutoff-frequency-high-pass-filter.md
electronics-s04-0113,emb-elee-0113,embedded/electronics-course-ee101/coupling-capacitor-protect-against-all-transients-simply.md
electronics-s04-0114,emb-elee-0114,embedded/electronics-course-ee101/low-pass-filter-built.md
electronics-s04-0115,emb-elee-0115,embedded/electronics-course-ee101/transfer-function-cutoff-frequency-low-pass-filter.md
electronics-s04-0116,emb-elee-0116,embedded/electronics-course-ee101/chosen-often-simple-low-frequency-filters.md
electronics-s04-0117,emb-elee-0117,embedded/electronics-course-ee101/real-low-pass-filter-attenuate-signal-even.md
electronics-s04-0118,emb-elee-0118,embedded/electronics-course-ee101/high-pass-filter-built.md
electronics-s04-0119,emb-elee-0119,embedded/electronics-course-ee101/high-pass-filter-cutoff-frequency-gain-01fc.md
electronics-s04-0120,emb-elee-0120,embedded/electronics-course-ee101/output-high-pass-filter-coil-voltage-have.md
electronics-s04-0121,emb-elee-0121,embedded/electronics-course-ee101/real-high-pass-filter-give-nonzero-output.md
electronics-s04-0122,emb-elee-0122,embedded/electronics-course-ee101/changing-affect-cutoff-frequency-filters.md
electronics-s04-0123,emb-elee-0123,embedded/electronics-course-ee101/practically-check-low-pass-high-pass-filters.md
electronics-s04-0124,emb-elee-0124,embedded/electronics-course-ee101/important-check-coil-value-calculating-filter.md
electronics-s04-0125,emb-elee-0125,embedded/electronics-course-ee101/may-filter-measurements-megahertz-not-match-ideal.md
electronics-s04-0126,emb-elee-0126,embedded/electronics-course-ee101/causes-discrepancies-between-calculation-measurement-filter.md
electronics-s04-0127,emb-elee-0127,embedded/electronics-course-ee101/exact-threshold-silicon-diode.md
electronics-s04-0128,emb-elee-0128,embedded/electronics-course-ee101/half-wave-rectifier-differ-bridge-rectifier.md
electronics-s04-0129,emb-elee-0129,embedded/electronics-course-ee101/voltage-capacitor-charge-diode-bridge-fed.md
electronics-s04-0130,emb-elee-0130,embedded/electronics-course-ee101/estimate-ripple-bridge-rectifier-capacitor.md
electronics-s04-0131,emb-elee-0131,embedded/electronics-course-ee101/many-drops-subtracted-ordinary-four-diode-bridge.md
electronics-s04-0132,emb-elee-0132,embedded/electronics-course-ee101/zener-diode-differ-schottky-diode-principle-application.md
electronics-s04-0133,emb-elee-0133,embedded/electronics-course-ee101/shunt-regulator-zener-diode-work.md
electronics-s04-0134,emb-elee-0134,embedded/electronics-course-ee101/regulator-vin-currents-powers.md
electronics-s04-0135,emb-elee-0135,embedded/electronics-course-ee101/two-extreme-conditions-checked-zener-regulator.md
electronics-s04-0136,emb-elee-0136,embedded/electronics-course-ee101/maximum-output-voltage-half-wave-bridge-rectifiers.md
electronics-s04-0137,emb-elee-0137,embedded/electronics-course-ee101/very-small-signal-pass-poorly-through-diode.md
electronics-s04-0138,emb-elee-0138,embedded/electronics-course-ee101/ripple-change-load-resistance-rectifier-capacitor-decreases.md
electronics-s04-0139,emb-elee-0139,embedded/electronics-course-ee101/peak-current-rectifier-diodes-much-larger-average.md
electronics-s04-0140,emb-elee-0140,embedded/electronics-course-ee101/dangerous-attach-oscilloscope-grounds-arbitrarily-studying-diode.md
electronics-s04-0141,emb-elee-0141,embedded/electronics-course-ee101/line-regulation-load-regulation.md
electronics-s04-0142,emb-elee-0142,embedded/electronics-course-ee101/zener-regulator-much-current-left-zener-load.md
electronics-s04-0143,emb-elee-0143,embedded/electronics-course-ee101/same-regulator-not-give-load.md
electronics-s04-0144,emb-elee-0144,embedded/electronics-course-ee101/zener-diode-dynamic-resistance.md
electronics-s04-0145,emb-elee-0145,embedded/electronics-course-ee101/integrated-regulator-better-zener-resistor.md
electronics-s04-0146,emb-elee-0146,embedded/electronics-course-ee101/diode-gate-built.md
electronics-s04-0147,emb-elee-0147,embedded/electronics-course-ee101/diode-gate-built-peculiarity.md
electronics-s04-0148,emb-elee-0148,embedded/electronics-course-ee101/diode-vcc-pull-input-schottky-output-level.md
electronics-s04-0149,emb-elee-0149,embedded/electronics-course-ee101/diode-logic-unsuitable-long-chains-use-schottky.md
electronics-s04-0150,emb-elee-0150,embedded/electronics-course-ee101/bleeder-resistor-placed-across-capacitor-diode-circuit.md
electronics-s04-0151,emb-elee-0151,embedded/electronics-course-ee101/functional-blocks-make-typical-linear-power-supply.md
electronics-s04-0152,emb-elee-0152,embedded/electronics-course-ee101/filtering-differ-voltage-regulation.md
electronics-s04-0153,emb-elee-0153,embedded/electronics-course-ee101/linear-regulator-ldo-switching-converter-charge-pump.md
electronics-s04-0154,emb-elee-0154,embedded/electronics-course-ee101/losses-efficiency-linear-regulator.md
electronics-s04-0155,emb-elee-0155,embedded/electronics-course-ee101/ldo-make-linear-conversion-efficient-example.md
electronics-s04-0156,emb-elee-0156,embedded/electronics-course-ee101/regulator-input-voltage-compared-dropout-input-has.md
electronics-s04-0157,emb-elee-0157,embedded/electronics-course-ee101/power-supply-design-start.md
electronics-s04-0158,emb-elee-0158,embedded/electronics-course-ee101/circuit-not-designed-values-absolute-maximum-ratings.md
electronics-s04-0159,emb-elee-0159,embedded/electronics-course-ee101/estimate-die-temperature-regulator-thetaja.md
electronics-s04-0160,emb-elee-0160,embedded/electronics-course-ee101/calculate-thermal-resistance-regulator-heatsink.md
electronics-s04-0161,emb-elee-0161,embedded/electronics-course-ee101/current-flows-through-first-regulator-cascade.md
electronics-s04-0162,emb-elee-0162,embedded/electronics-course-ee101/smd-chip-dip-adapter-reproduce-thermal-conditions.md
electronics-s04-0163,emb-elee-0163,embedded/electronics-course-ee101/correctly-connect-linear-regulator.md
electronics-s04-0164,emb-elee-0164,embedded/electronics-course-ee101/fed-loaded-current-powers.md
electronics-s04-0165,emb-elee-0165,embedded/electronics-course-ee101/not-give-input-exactly.md
electronics-s04-0166,emb-elee-0166,embedded/electronics-course-ee101/regulator-output-checked-oscilloscope-not-only-multimeter.md
electronics-s04-0167,emb-elee-0167,embedded/electronics-course-ee101/test-assembled-supply-built.md
electronics-s04-0168,emb-elee-0168,embedded/electronics-course-ee101/check-adding-regulator-fed-rail.md
electronics-s04-0169,emb-elee-0169,embedded/electronics-course-ee101/rail-draws-rail-separate-load-draws-input.md
electronics-s04-0170,emb-elee-0170,embedded/electronics-course-ee101/output-capacitor-esr-matter-some-ldos.md
electronics-s04-0171,emb-elee-0171,embedded/electronics-course-ee101/logic-signal-applied-input-chip-powered.md
electronics-s04-0172,emb-elee-0172,embedded/electronics-course-ee101/offline-power-mean-mains-transformer.md
electronics-s04-0173,emb-elee-0173,embedded/electronics-course-ee101/basic-relations-ideal-transformer-rating-mean.md
electronics-s04-0174,emb-elee-0174,embedded/electronics-course-ee101/transformer-has-output-voltage-will-charged-capacitor.md
electronics-s04-0175,emb-elee-0175,embedded/electronics-course-ee101/rectifier-large-capacitor-supply-current-equal-secondary.md
electronics-s04-0176,emb-elee-0176,embedded/electronics-course-ee101/considered-connecting-two-transformer-secondaries.md
electronics-s04-0177,emb-elee-0177,embedded/electronics-course-ee101/source-safe-use-self-study-power-supply.md
electronics-s04-0178,emb-elee-0178,embedded/electronics-course-ee101/diode-bridge-capacitor-regulator-connected-training-power.md
electronics-s04-0179,emb-elee-0179,embedded/electronics-course-ee101/source-bridge-load-ripple-minimum-voltage.md
electronics-s04-0180,emb-elee-0180,embedded/electronics-course-ee101/order-assembled-transformer-power-supply-tested.md
electronics-s04-0181,emb-elee-0181,embedded/electronics-course-ee101/diode-bridge-contacts-not-rearranged-random.md
electronics-s04-0182,emb-elee-0182,embedded/electronics-course-ee101/three-different-supply-noise-problems-considered-large.md
electronics-s04-0183,emb-elee-0183,embedded/electronics-course-ee101/capacitance-needed-load-pulse-causes-sag.md
electronics-s04-0184,emb-elee-0184,embedded/electronics-course-ee101/large-electrolytic-capacitor-not-always-remove-fast.md
electronics-s04-0185,emb-elee-0185,embedded/electronics-course-ee101/breadboard-measures-reduce-motor-noise-supply.md
electronics-s04-0186,emb-elee-0186,embedded/electronics-course-ee101/check-measured-noise-changes-move-probe.md
electronics-s04-0187,emb-elee-0187,embedded/electronics-course-ee101/terminals-bipolar-transistor-labeled-current-flow-npn.md
electronics-s04-0188,emb-elee-0188,embedded/electronics-course-ee101/three-main-operating-modes-bjt-they-used.md
electronics-s04-0189,emb-elee-0189,embedded/electronics-course-ee101/basic-bjt-current-relations-icbetaib-not-always.md
electronics-s04-0190,emb-elee-0190,embedded/electronics-course-ee101/transistor-circuit-not-designed-typical-value.md
electronics-s04-0191,emb-elee-0191,embedded/electronics-course-ee101/energy-amplified-signal-come-transistor-amplifier.md
electronics-s04-0192,emb-elee-0192,embedded/electronics-course-ee101/two-diodes-transistor-model-useful-limit.md
electronics-s04-0193,emb-elee-0193,embedded/electronics-course-ee101/emitter-resistor-stabilize-collector-current.md
electronics-s04-0194,emb-elee-0194,embedded/electronics-course-ee101/load-collector-current-voltages.md
electronics-s04-0195,emb-elee-0195,embedded/electronics-course-ee101/load-break-current-stabilization-same-circuit.md
electronics-s04-0196,emb-elee-0196,embedded/electronics-course-ee101/check-calculating-transistor-collector-current.md
electronics-s04-0197,emb-elee-0197,embedded/electronics-course-ee101/large-resistor-supply-base-create-stable-base.md
electronics-s04-0198,emb-elee-0198,embedded/electronics-course-ee101/transistor-bias-needed.md
electronics-s04-0199,emb-elee-0199,embedded/electronics-course-ee101/account-transistor-base-loading-bias-divider.md
electronics-s04-0200,emb-elee-0200,embedded/electronics-course-ee101/vcc-divider-accounting-base-current.md
electronics-s04-0201,emb-elee-0201,embedded/electronics-course-ee101/emitter-follower-common-collector.md
electronics-s04-0202,emb-elee-0202,embedded/electronics-course-ee101/output-voltage-series-regulator-zener-emitter-follower.md
electronics-s04-0203,emb-elee-0203,embedded/electronics-course-ee101/differential-emitter-resistance-estimate.md
electronics-s04-0204,emb-elee-0204,embedded/electronics-course-ee101/voltage-gain-emitter-follower-reac.md
electronics-s04-0205,emb-elee-0205,embedded/electronics-course-ee101/estimate-input-resistance-emitter-follower-including-bias.md
electronics-s04-0206,emb-elee-0206,embedded/electronics-course-ee101/amplifier-avlt1-needed.md
electronics-s04-0207,emb-elee-0207,embedded/electronics-course-ee101/resistance-sets-cutoff-coupling-capacitor-between-two.md
electronics-s04-0208,emb-elee-0208,embedded/electronics-course-ee101/common-emitter-stage-invert-signal.md
electronics-s04-0209,emb-elee-0209,embedded/electronics-course-ee101/approximate-gain-common-emitter-stage-unbypassed-apply.md
electronics-s04-0210,emb-elee-0210,embedded/electronics-course-ee101/stage-vcc-operating-point-gain.md
electronics-s04-0211,emb-elee-0211,embedded/electronics-course-ee101/divider-gives-will-transistor-base-exactly.md
electronics-s04-0212,emb-elee-0212,embedded/electronics-course-ee101/voltages-measured-applying-signal-amplifier-sine-clipped.md
electronics-s04-0213,emb-elee-0213,embedded/electronics-course-ee101/ground-small-signal-analysis.md
electronics-s04-0214,emb-elee-0214,embedded/electronics-course-ee101/small-signal-parameters-bjt.md
electronics-s04-0215,emb-elee-0215,embedded/electronics-course-ee101/stage-rload-rpi-gain-without-load.md
electronics-s04-0216,emb-elee-0216,embedded/electronics-course-ee101/load-parallel-model-stage.md
electronics-s04-0217,emb-elee-0217,embedded/electronics-course-ee101/gain-measured-generator-lower-gain-calculated-base.md
electronics-s04-0218,emb-elee-0218,embedded/electronics-course-ee101/low-side-transistor-motor-switch-built.md
electronics-s04-0219,emb-elee-0219,embedded/electronics-course-ee101/flyback-diode-placed-across-motor-connected.md
electronics-s04-0220,emb-elee-0220,embedded/electronics-course-ee101/calculate-base-resistor-motor-switch-forced-gain.md
electronics-s04-0221,emb-elee-0221,embedded/electronics-course-ee101/typical-active-mode-not-used-switch-motor.md
electronics-s04-0222,emb-elee-0222,embedded/electronics-course-ee101/flyback-diode-enough-bidirectional-bridge-remove-all.md
electronics-s04-0223,emb-elee-0223,embedded/electronics-course-ee101/current-source-regulator-differ-voltage-source.md
electronics-s04-0224,emb-elee-0224,embedded/electronics-course-ee101/current-sink-load-between-collector-current-voltages.md
electronics-s04-0225,emb-elee-0225,embedded/electronics-course-ee101/same-current-sink-not-work-load.md
electronics-s04-0226,emb-elee-0226,embedded/electronics-course-ee101/voltage-regulator-zener-base-load-input-output.md
electronics-s04-0227,emb-elee-0227,embedded/electronics-course-ee101/current-measured-ammeter-any-other-connection-dangerous.md
electronics-s04-0228,emb-elee-0228,embedded/electronics-course-ee101/roles-input-output-capacitors-unbypassed-play-practical.md
electronics-s04-0229,emb-elee-0229,embedded/electronics-course-ee101/audio-stage-load-gain-output-peak-base.md
electronics-s04-0230,emb-elee-0230,embedded/electronics-course-ee101/calculate-lower-cutoff-frequency-audio-stage-coupling.md
electronics-s04-0231,emb-elee-0231,embedded/electronics-course-ee101/debug-assembled-transistor-audio-amplifier.md
electronics-s04-0232,emb-elee-0232,embedded/electronics-course-ee101/voltage-amplifier-kilohm-resistors-drive-speaker-directly.md
electronics-s04-0233,emb-elee-0233,embedded/electronics-course-ee101/logic-really-mean-digital-circuit.md
electronics-s04-0234,emb-elee-0234,embedded/electronics-course-ee101/vil-vih-vol-voh-mean.md
electronics-s04-0235,emb-elee-0235,embedded/electronics-course-ee101/calculate-noise-margins-logic-interface.md
electronics-s04-0236,emb-elee-0236,embedded/electronics-course-ee101/inverter-built-single-npn-transistor-work.md
electronics-s04-0237,emb-elee-0237,embedded/electronics-course-ee101/build-nand-nor-transistor-switches.md
electronics-s04-0238,emb-elee-0238,embedded/electronics-course-ee101/simple-resistor-transistor-gates-reproduce-industrial-ttl.md
electronics-s04-0239,emb-elee-0239,embedded/electronics-course-ee101/truth-tables-two-input-nand-nor.md
electronics-s04-0240,emb-elee-0240,embedded/electronics-course-ee101/many-input-combinations-checked-two-input-gate.md
electronics-s04-0241,emb-elee-0241,embedded/electronics-course-ee101/logic-zero-transistor-nand-two-series-switches.md
electronics-s04-0242,emb-elee-0242,embedded/electronics-course-ee101/connecting-next-gate-led-change-high-output.md
electronics-s04-0243,emb-elee-0243,embedded/electronics-course-ee101/parameters-characterize-clock-signal.md
electronics-s04-0244,emb-elee-0244,embedded/electronics-course-ee101/oscillator-tolerance-duty-cycle-period-state-durations.md
electronics-s04-0245,emb-elee-0245,embedded/electronics-course-ee101/quartz-crystal-differ-ready-made-oscillator-module.md
electronics-s04-0246,emb-elee-0246,embedded/electronics-course-ee101/jitter-differ-oscillator-frequency-error.md
electronics-s04-0247,emb-elee-0247,embedded/electronics-course-ee101/overshoot-ringing-not-circuit-come-clock-waveform.md
electronics-s04-0248,emb-elee-0248,embedded/electronics-course-ee101/conditions-needed-oscillations-start-sustained-oscillator.md
electronics-s04-0249,emb-elee-0249,embedded/electronics-course-ee101/pierce-crystal-oscillator-consist.md
electronics-s04-0250,emb-elee-0250,embedded/electronics-course-ee101/crystal-has-rated-stray-capacitance-equal-capacitors.md
electronics-s04-0251,emb-elee-0251,embedded/electronics-course-ee101/capacitance-units-typical-crystal-load-capacitors.md
electronics-s04-0252,emb-elee-0252,embedded/electronics-course-ee101/crystal-oscillator-stop-oscillating-probe-connected.md
electronics-s04-0253,emb-elee-0253,embedded/electronics-course-ee101/comparators-disch-pin-timer-work.md
electronics-s04-0254,emb-elee-0254,embedded/electronics-course-ee101/purpose-timer-pin-dip-package.md
electronics-s04-0255,emb-elee-0255,embedded/electronics-course-ee101/astable-mode-built.md
electronics-s04-0256,emb-elee-0256,embedded/electronics-course-ee101/timing-frequency-formulas-astable.md
electronics-s04-0257,emb-elee-0257,embedded/electronics-course-ee101/astable-thigh-tlow-frequency-duty-cycle.md
electronics-s04-0258,emb-elee-0258,embedded/electronics-course-ee101/fraction-period-formula-fracrbra2rb-describe.md
electronics-s04-0259,emb-elee-0259,embedded/electronics-course-ee101/monostable-mode-differ-astable-mode.md
