source_file,line,front_sha1,question_id,section,state,duplicate_review
03_Structs_Unions_Bitfields_anki_cards.txt,6,44bbedc0c0bf30f1a4e142d60210ee5622c69ba2,emb-structs-0001,structs-unions-and-bitfields,written,no
03_Structs_Unions_Bitfields_anki_cards.txt,7,219c400ed3c2f108a1a7d6f17f9f22920808e070,emb-structs-0002,structs-unions-and-bitfields,written,no
03_Structs_Unions_Bitfields_anki_cards.txt,8,dd1ce3506af94b8f6a624f155bfb3ad2608d4629,emb-structs-0003,structs-unions-and-bitfields,written,no
03_Structs_Unions_Bitfields_anki_cards.txt,9,2122e992e820713215203e8c818289a0fa389add,emb-structs-0004,structs-unions-and-bitfields,written,no
03_Structs_Unions_Bitfields_anki_cards.txt,10,2014432e70f964e2621cbfb7e3db7869f17be11b,emb-structs-0005,structs-unions-and-bitfields,written,no
03_Structs_Unions_Bitfields_anki_cards.txt,11,5145c5e50411bf71b05f2998dcc62239faab41fd,emb-structs-0006,structs-unions-and-bitfields,written,no
03_Structs_Unions_Bitfields_anki_cards.txt,12,6e47638f40e7f736644263284c23de16adf7442b,emb-structs-0007,structs-unions-and-bitfields,written,yes
03_Structs_Unions_Bitfields_anki_cards.txt,13,3f511243c235be93b20aeab0ecfaab923e3748bd,emb-structs-0008,structs-unions-and-bitfields,written,no
03_Structs_Unions_Bitfields_anki_cards.txt,14,7c8608be18c4aa071619ebbeef42a25ff77502cf,emb-structs-0009,structs-unions-and-bitfields,written,no
03_Structs_Unions_Bitfields_anki_cards.txt,15,4be825f3a833a857993039b50eebe6a206ff2c71,emb-structs-0010,structs-unions-and-bitfields,written,no
03_Structs_Unions_Bitfields_anki_cards.txt,16,aeb1a9a35cae1ac8712cca830b41490ccc7c601c,emb-structs-0011,structs-unions-and-bitfields,written,no
03_Structs_Unions_Bitfields_anki_cards.txt,17,6b503ab4250d28d4605fd5ce18ab449e060a7f3b,emb-structs-0012,structs-unions-and-bitfields,written,no
03_Structs_Unions_Bitfields_anki_cards.txt,18,cec473d7c27c7cdc4cb387ccf48b5ac016f8ca7b,emb-structs-0013,structs-unions-and-bitfields,written,no
03_Structs_Unions_Bitfields_anki_cards.txt,19,1044dfc712348ea3b93bf262c47d66f582c1d24d,emb-structs-0014,structs-unions-and-bitfields,written,yes
03_Structs_Unions_Bitfields_anki_cards.txt,20,a6f91ae8f80c6d50f38b1e9292bedda82ee4e985,emb-structs-0015,structs-unions-and-bitfields,written,no
03_Structs_Unions_Bitfields_anki_cards.txt,21,f396964c1933964a19498bd5ca1e1db03e19ddf8,emb-structs-0016,structs-unions-and-bitfields,written,no
03_Structs_Unions_Bitfields_anki_cards.txt,22,93378ce39d9d35ce6e65cd7cf9ee29e48d15099c,emb-structs-0017,structs-unions-and-bitfields,written,no
03_Structs_Unions_Bitfields_anki_cards.txt,23,26326b800a30ca7631a79a5a6b9b715529427b58,emb-structs-0018,structs-unions-and-bitfields,written,no
03_Structs_Unions_Bitfields_anki_cards.txt,24,fc13614e496f78191d35809f658debfa359bcd2d,emb-structs-0019,structs-unions-and-bitfields,written,no
03_Structs_Unions_Bitfields_anki_cards.txt,25,0937cba4d2a30b2cb5f7584299246f90b719230f,emb-structs-0020,structs-unions-and-bitfields,written,no
03_Structs_Unions_Bitfields_anki_cards.txt,26,e66fd95770ce2bff52a8a492e3aa8df42cf45806,emb-structs-0021,structs-unions-and-bitfields,written,no
03_Structs_Unions_Bitfields_anki_cards.txt,27,f018467b6f16b26e273ae921e8dc3479766d1e9d,emb-structs-0022,structs-unions-and-bitfields,written,no
03_Structs_Unions_Bitfields_anki_cards.txt,28,744b1f79187ed31d41a708926df601cdcc80060a,emb-structs-0023,structs-unions-and-bitfields,written,no
03_Structs_Unions_Bitfields_anki_cards.txt,29,16fc32767600270af20feaba75b60deeea898ea0,emb-structs-0024,structs-unions-and-bitfields,written,no
03_Structs_Unions_Bitfields_anki_cards.txt,30,5d37aef67dffff3583218fcf0c24f2e63cefc89a,emb-structs-0025,structs-unions-and-bitfields,written,no
03_Structs_Unions_Bitfields_anki_cards.txt,31,35b2feffaa9ca35f7dbc778db4606c8058a96220,emb-structs-0026,structs-unions-and-bitfields,written,no
03_Structs_Unions_Bitfields_anki_cards.txt,32,65c0dde38546754b0345cfb541db4e6e93334203,emb-structs-0027,structs-unions-and-bitfields,written,no
03_Structs_Unions_Bitfields_anki_cards.txt,33,88f403c24a2983cd349794ab88fa38a955b72319,emb-structs-0028,structs-unions-and-bitfields,written,no
03_Structs_Unions_Bitfields_anki_cards.txt,34,6313fcea4765f0ce8d1d941c345cdfac639c1542,emb-structs-0029,structs-unions-and-bitfields,written,no
03_Structs_Unions_Bitfields_anki_cards.txt,35,1e2909be020db2eb21ba1fdcc20123cf55518f7d,emb-structs-0030,structs-unions-and-bitfields,written,no
03_Structs_Unions_Bitfields_anki_cards.txt,36,98e8718453523d3a6b3b213e98ed1112a6c16061,emb-structs-0031,structs-unions-and-bitfields,written,no
03_Structs_Unions_Bitfields_anki_cards.txt,37,2348a40ab847ca07fcbe4248c5ae371af7732b7d,emb-structs-0032,structs-unions-and-bitfields,written,no
03_Structs_Unions_Bitfields_anki_cards.txt,38,6752cfc66aac34204adff3c4714c4aff69f73824,emb-structs-0033,structs-unions-and-bitfields,written,no
03_Structs_Unions_Bitfields_anki_cards.txt,39,5a8149330baaefcb25f078aac20c3b6344c294df,emb-structs-0034,structs-unions-and-bitfields,written,no
03_Structs_Unions_Bitfields_anki_cards.txt,40,330fcfbf243792a4d20ab73290b72da165779d8b,emb-structs-0035,structs-unions-and-bitfields,written,no
03_Structs_Unions_Bitfields_anki_cards.txt,41,9a57f92f01dfde5d39723a1d5ac24297dc92190d,emb-structs-0036,structs-unions-and-bitfields,written,no
03_Structs_Unions_Bitfields_anki_cards.txt,42,2a6235b8af3a3b98a56b6edc88198e9e1b8f1217,emb-structs-0037,structs-unions-and-bitfields,written,no
03_Structs_Unions_Bitfields_anki_cards.txt,43,332fffde60f0f671d07a2fec49544174d288ad64,emb-structs-0038,structs-unions-and-bitfields,written,no
03_Structs_Unions_Bitfields_anki_cards.txt,44,0368ea117a936354274e6227540eea88e56bdd94,emb-structs-0039,structs-unions-and-bitfields,written,no
03_Structs_Unions_Bitfields_anki_cards.txt,45,8de5d2735805d854e6352ebde70e850b7091ef86,emb-structs-0040,structs-unions-and-bitfields,written,no
03_Structs_Unions_Bitfields_anki_cards.txt,46,da8c5df7a423250a934fb078694be191f7438533,emb-structs-0041,structs-unions-and-bitfields,written,no
03_Structs_Unions_Bitfields_anki_cards.txt,47,fad5c29daab70c0e77dfac8ec88b82868e96fbbc,emb-structs-0042,structs-unions-and-bitfields,written,no
03_Structs_Unions_Bitfields_anki_cards.txt,48,c9b4ee733efb2a4033f5c1f9472a23e9bbd1016a,emb-structs-0043,structs-unions-and-bitfields,written,no
03_Structs_Unions_Bitfields_anki_cards.txt,49,8657a20fde49282c6a20f0b2a35f96de93cb29d6,emb-structs-0044,structs-unions-and-bitfields,written,no
03_Structs_Unions_Bitfields_anki_cards.txt,50,06b20b2efb6f2f21398d97e05eb403627b874caf,emb-structs-0045,structs-unions-and-bitfields,written,no
03_Structs_Unions_Bitfields_anki_cards.txt,51,f1581f5664b944027c9c551e531cc0e132f5822d,emb-structs-0046,structs-unions-and-bitfields,written,no
03_Structs_Unions_Bitfields_anki_cards.txt,52,c5b96aa311c9365f094b86cd210499c4a4541153,emb-structs-0047,structs-unions-and-bitfields,written,no
03_Structs_Unions_Bitfields_anki_cards.txt,53,33068209aaeb354ee624477ab79b7b2b56d99b76,emb-structs-0048,structs-unions-and-bitfields,written,no
03_Structs_Unions_Bitfields_anki_cards.txt,54,56301112bd6f015f2da26511dfca2dd9354f1b8b,emb-structs-0049,structs-unions-and-bitfields,written,no
03_Structs_Unions_Bitfields_anki_cards.txt,55,4e421efaeaa7840bdfc75343c53e9caba53ea556,emb-structs-0050,structs-unions-and-bitfields,written,no
03_Structs_Unions_Bitfields_anki_cards.txt,56,1e888c1651d7f42956a8a0d05888ec8dc472f747,emb-structs-0051,structs-unions-and-bitfields,written,no
03_Structs_Unions_Bitfields_anki_cards.txt,57,da2cb6905f1ebf1065feba254be7525acc2f72c3,emb-structs-0052,structs-unions-and-bitfields,written,no
03_Structs_Unions_Bitfields_anki_cards.txt,58,e96e23ee04ea4a08c856f4913d3e058aadf151cc,emb-structs-0053,structs-unions-and-bitfields,written,no
04_Volatile_Const_anki_cards.txt,6,a65fc24dd0ab0c3cd0b637ce70c23c5ece926a3a,emb-volconst-0001,volatile-and-const,written,no
04_Volatile_Const_anki_cards.txt,7,927e13410aa64521be0196f2620d6aaca1bd40ec,emb-volconst-0002,volatile-and-const,written,no
04_Volatile_Const_anki_cards.txt,8,c9c0755b534f70560674b3cd084fda0e339947fd,emb-volconst-0003,volatile-and-const,written,no
04_Volatile_Const_anki_cards.txt,9,406a6d705a93951a411ce9bac570ed2a85d0e548,emb-volconst-0004,volatile-and-const,written,no
04_Volatile_Const_anki_cards.txt,10,1a2054c9a57ea21d7121b8495a7879fb8d2c4824,emb-volconst-0005,volatile-and-const,written,no
04_Volatile_Const_anki_cards.txt,11,beba5cda84190b25c3dc77c52941fd7e919f06e7,emb-volconst-0006,volatile-and-const,written,no
04_Volatile_Const_anki_cards.txt,12,6afa6ffc423a7a70ff24e40d3915370f37297f75,emb-volconst-0007,volatile-and-const,written,no
04_Volatile_Const_anki_cards.txt,13,10c1c0d4c060f4d04ac533e06f8aaf2a1f73048f,emb-volconst-0008,volatile-and-const,written,no
04_Volatile_Const_anki_cards.txt,14,eb6ee5d38c123b10808e58498eb4339655e52101,emb-volconst-0009,volatile-and-const,written,no
04_Volatile_Const_anki_cards.txt,15,4f1deb2bc98e68e042f3b135ff5797d94b9a8e65,emb-volconst-0010,volatile-and-const,written,no
04_Volatile_Const_anki_cards.txt,16,735ac11fe450c7d394679c1ee7dfed945921c2e7,emb-volconst-0011,volatile-and-const,written,no
04_Volatile_Const_anki_cards.txt,17,08a1f0ef561d9f481a9065628582a79f6e0dcee3,emb-volconst-0012,volatile-and-const,written,no
04_Volatile_Const_anki_cards.txt,18,799e49b18e788e051f1a168ddc4713df60a2da29,emb-volconst-0013,volatile-and-const,written,yes
04_Volatile_Const_anki_cards.txt,19,fd3e79d21f666be4439007ced973a5b52eed13db,emb-volconst-0014,volatile-and-const,written,no
04_Volatile_Const_anki_cards.txt,20,15fed2677e5cf0a5401ae584c1810f20b230c7fc,emb-volconst-0015,volatile-and-const,written,no
04_Volatile_Const_anki_cards.txt,21,6cd1efcd4d1dcf48b21d0f7f87754e513e055af9,emb-volconst-0016,volatile-and-const,written,no
04_Volatile_Const_anki_cards.txt,22,aec9a2839fac90cf7ce0b22ac71fdcda63f13bfc,emb-volconst-0017,volatile-and-const,written,no
04_Volatile_Const_anki_cards.txt,23,53cd60629ac625d5dafd37de39725339cc98840f,emb-volconst-0018,volatile-and-const,written,no
04_Volatile_Const_anki_cards.txt,24,9bf32d214ba8a7644736add75a7d18acc53b9c89,emb-volconst-0019,volatile-and-const,written,no
04_Volatile_Const_anki_cards.txt,25,b4f4f7a2f7d0b1714c865a4e4a33ccb302ae758b,emb-volconst-0020,volatile-and-const,written,yes
04_Volatile_Const_anki_cards.txt,26,853adb022e52a7b1d6862de453d0b132079a0161,emb-volconst-0021,volatile-and-const,written,no
04_Volatile_Const_anki_cards.txt,27,979c13dfde02f896327ec0cc548e37efca601c02,emb-volconst-0022,volatile-and-const,written,yes
04_Volatile_Const_anki_cards.txt,28,9dc015517efdfb769210d54d4f07573dca9d6472,emb-volconst-0023,volatile-and-const,written,yes
04_Volatile_Const_anki_cards.txt,29,0c83d6b555d030d2177665dd3160ce2c8e9bbcc6,emb-volconst-0024,volatile-and-const,written,no
04_Volatile_Const_anki_cards.txt,30,421c6018067b51aee41c551111fac39dfd36584f,emb-volconst-0025,volatile-and-const,written,no
04_Volatile_Const_anki_cards.txt,31,63062e8caa6897843bc6b616d395db90febc28c5,emb-volconst-0026,volatile-and-const,written,yes
04_Volatile_Const_anki_cards.txt,32,c3aff1623726b4facd040a29fa296047e5130241,emb-volconst-0027,volatile-and-const,written,no
04_Volatile_Const_anki_cards.txt,33,929de8c70da6bb7da6f5baca6ec7dd9e0870dca6,emb-volconst-0028,volatile-and-const,written,no
04_Volatile_Const_anki_cards.txt,34,0ad392f5e15b39b821dc79c91b30df15e896acb9,emb-volconst-0029,volatile-and-const,written,no
04_Volatile_Const_anki_cards.txt,35,53fdd63423b8674b1901eb37bfb7492323ef41a6,emb-volconst-0030,volatile-and-const,written,no
04_Volatile_Const_anki_cards.txt,36,d4ea9f831d83a40f579d56e196b15ebbf29e60ad,emb-volconst-0031,volatile-and-const,written,no
04_Volatile_Const_anki_cards.txt,37,75f07ec59f6b571ebc1f4d31baf011b479abec4a,emb-volconst-0032,volatile-and-const,written,no
04_Volatile_Const_anki_cards.txt,38,be1ae94d0909aea731458761addbeceb7921f496,emb-volconst-0033,volatile-and-const,written,no
04_Volatile_Const_anki_cards.txt,39,3f3c388a7ae0dad7108a9da15e159d40885af5f0,emb-volconst-0034,volatile-and-const,written,no
04_Volatile_Const_anki_cards.txt,40,aaf06017b55437260f636be629ab53173c281542,emb-volconst-0035,volatile-and-const,written,no
04_Volatile_Const_anki_cards.txt,41,1508febeeb8802764230dd155c1650246f0004ae,emb-volconst-0036,volatile-and-const,written,no
04_Volatile_Const_anki_cards.txt,42,73b1693a624b39780910c55bc19d73201ff2cab1,emb-volconst-0037,volatile-and-const,written,no
04_Volatile_Const_anki_cards.txt,43,65ac80e0ca94003ba5bb732ced35c6ccb9b64d2c,emb-volconst-0038,volatile-and-const,written,no
04_Volatile_Const_anki_cards.txt,44,0139294661c8405afe8954fa9cb3a5cb589c1403,emb-volconst-0039,volatile-and-const,written,no
04_Volatile_Const_anki_cards.txt,45,282009b251e2bdc769be8b8c1e1907740ab3a359,emb-volconst-0040,volatile-and-const,written,no
04_Volatile_Const_anki_cards.txt,46,1272d3488bc17c5fc93b2384534450a382d462ec,emb-volconst-0041,volatile-and-const,written,no
04_Volatile_Const_anki_cards.txt,47,dd11452b7c552735b8792a2d04badc66739bc6f9,emb-volconst-0042,volatile-and-const,written,no
04_Volatile_Const_anki_cards.txt,48,b4a34f1b6d524817cd4472e53adf2668e6a650e4,emb-volconst-0043,volatile-and-const,written,no
04_Volatile_Const_anki_cards.txt,49,231a54c2ab150cce6b28d203b61b4caac8dc99b6,emb-volconst-0044,volatile-and-const,written,no
04_Volatile_Const_anki_cards.txt,50,ea971df2c39b54fbf66467acf131097de2efa6b1,emb-volconst-0045,volatile-and-const,written,no
04_Volatile_Const_anki_cards.txt,51,9f71f4f0035c403c10418c2ac9bd89228e9281ba,emb-volconst-0046,volatile-and-const,written,no
04_Volatile_Const_anki_cards.txt,52,50747ff621592a92392c6e571e9ba3d0fce49e35,emb-volconst-0047,volatile-and-const,written,no
04_Volatile_Const_anki_cards.txt,53,2f177d9063a4da55269655b7b1caf6216d6175be,emb-volconst-0048,volatile-and-const,written,no
04_Volatile_Const_anki_cards.txt,54,97d5750b9a3c45f3d376347cc805cf9d9bbf2a5e,emb-volconst-0049,volatile-and-const,written,no
04_Volatile_Const_anki_cards.txt,55,ca22257a1844dc150d1d66519ad6e9616868ace7,emb-volconst-0050,volatile-and-const,written,no
04_Volatile_Const_anki_cards.txt,56,3f5e470beeb79e5e1ae3903c421d416280d64c22,emb-volconst-0051,volatile-and-const,written,no
04_Volatile_Const_anki_cards.txt,57,308364e3943fdb4a1d427190661b25224dc4e1b9,emb-volconst-0052,volatile-and-const,written,no
04_Volatile_Const_anki_cards.txt,58,09a21efaba5fff842e7c4f4e7ab682e17d339a94,emb-volconst-0053,volatile-and-const,written,no
04_Volatile_Const_anki_cards.txt,59,923a31f010a8d373af2c97ef274717eaee35d976,emb-volconst-0054,volatile-and-const,written,no
04_Volatile_Const_anki_cards.txt,60,ca67bae95f4eaa2a39fa25200675231fa056edfa,emb-volconst-0055,volatile-and-const,written,no
04_Volatile_Const_anki_cards.txt,61,f4698148d9887aa313d1884264120490950ed9da,emb-volconst-0056,volatile-and-const,written,no
04_Volatile_Const_anki_cards.txt,62,7fd02442673d9d39bec69871c74afbea71ecea4b,emb-volconst-0057,volatile-and-const,written,no
04_Volatile_Const_anki_cards.txt,63,a3d9d65d90f81a66bf3f67259f52c6a7014c1e5c,emb-volconst-0058,volatile-and-const,written,no
04_Volatile_Const_anki_cards.txt,64,291d2b126024c20105e70cbc0f2aa3e4d489bf52,emb-volconst-0059,volatile-and-const,written,no
04_Volatile_Const_anki_cards.txt,65,403796f0168bf8fe9aa1e3fe407420467b083b10,emb-volconst-0060,volatile-and-const,written,no
04_Volatile_Const_anki_cards.txt,66,9e34930912a8c2d974b2b370dfcf491f9de595c7,emb-volconst-0061,volatile-and-const,written,no
05_Function_Pointers_Callbacks_anki_cards.txt,6,650bd158f2c03e9786d7de06701be49ad69fecae,emb-fnptr-0001,function-pointers-and-callbacks,written,no
05_Function_Pointers_Callbacks_anki_cards.txt,7,8066641d5523e6169d8ab718efc7fd34b456cb88,emb-fnptr-0002,function-pointers-and-callbacks,written,yes
05_Function_Pointers_Callbacks_anki_cards.txt,8,718d8927290fdf4f7addcad08ea4d253b7b82ee8,emb-fnptr-0003,function-pointers-and-callbacks,written,no
05_Function_Pointers_Callbacks_anki_cards.txt,9,4ca08bf582af89c082ba708ea332ea21515e7127,emb-fnptr-0004,function-pointers-and-callbacks,written,no
05_Function_Pointers_Callbacks_anki_cards.txt,10,5a8450a273d7cb0f5f827bb574c32aa1ca9b47ad,emb-fnptr-0005,function-pointers-and-callbacks,written,no
05_Function_Pointers_Callbacks_anki_cards.txt,11,a9927b38d97011a8b6d4d3d70c6baedca3c3a663,emb-fnptr-0006,function-pointers-and-callbacks,written,no
05_Function_Pointers_Callbacks_anki_cards.txt,12,28e2cf211909fe6333ca5c80d4e77915ec261a2e,emb-fnptr-0007,function-pointers-and-callbacks,written,no
05_Function_Pointers_Callbacks_anki_cards.txt,13,d8c8cd39f015625a29bf44536f7adcd864fae0d3,emb-fnptr-0008,function-pointers-and-callbacks,written,no
05_Function_Pointers_Callbacks_anki_cards.txt,14,05efe63ab18ca860174bb995e75972aabf0a55fb,emb-fnptr-0009,function-pointers-and-callbacks,written,no
05_Function_Pointers_Callbacks_anki_cards.txt,15,0d270817e32864192c66dbc6c6e009946439088a,emb-fnptr-0010,function-pointers-and-callbacks,written,no
05_Function_Pointers_Callbacks_anki_cards.txt,16,6f305e941e30d0e18769aa48e90f4ac80f58ca40,emb-fnptr-0011,function-pointers-and-callbacks,written,no
05_Function_Pointers_Callbacks_anki_cards.txt,17,1aef7f9dd7874fb580d81d98018060ffd6bbfca3,emb-fnptr-0012,function-pointers-and-callbacks,written,no
05_Function_Pointers_Callbacks_anki_cards.txt,18,1b171882c1911a7e4ce66e25d3f585fc85187e48,emb-fnptr-0013,function-pointers-and-callbacks,written,no
05_Function_Pointers_Callbacks_anki_cards.txt,19,44dac9ec579b159f8ffad5ec944a98ed96fb837f,emb-fnptr-0014,function-pointers-and-callbacks,written,no
05_Function_Pointers_Callbacks_anki_cards.txt,20,cc52c337d86e2605f51635817adb807f286d009f,emb-fnptr-0015,function-pointers-and-callbacks,written,no
05_Function_Pointers_Callbacks_anki_cards.txt,21,075a4e90add5e58a325a53104ccfac767b5da615,emb-fnptr-0016,function-pointers-and-callbacks,written,no
05_Function_Pointers_Callbacks_anki_cards.txt,22,294cb54f8a4cd9798a6d725af99334769cefbcc8,emb-fnptr-0017,function-pointers-and-callbacks,written,no
05_Function_Pointers_Callbacks_anki_cards.txt,23,dc9475472a07784ca1e01f2a74191bb042dd3d21,emb-fnptr-0018,function-pointers-and-callbacks,written,no
05_Function_Pointers_Callbacks_anki_cards.txt,24,7be3de437e0489dba5870844cd5caac1e0a6a817,emb-fnptr-0019,function-pointers-and-callbacks,written,no
05_Function_Pointers_Callbacks_anki_cards.txt,25,c0ce9c41b4be0daca984da56aa20ef0e73487b7b,emb-fnptr-0020,function-pointers-and-callbacks,written,no
05_Function_Pointers_Callbacks_anki_cards.txt,26,32e4678c62c4891fdd4c5cfdb211580d2e83defd,emb-fnptr-0021,function-pointers-and-callbacks,written,no
05_Function_Pointers_Callbacks_anki_cards.txt,27,d1d7fd48b308bda8719448d750d059f5df9affee,emb-fnptr-0022,function-pointers-and-callbacks,written,no
05_Function_Pointers_Callbacks_anki_cards.txt,28,28ceb0f4e3c24c717fab0b88c303ffdf3249711f,emb-fnptr-0023,function-pointers-and-callbacks,written,no
05_Function_Pointers_Callbacks_anki_cards.txt,29,d2181c33982569e35eaf7d9b08f9bbe5762972f5,emb-fnptr-0024,function-pointers-and-callbacks,written,no
05_Function_Pointers_Callbacks_anki_cards.txt,30,4bbfa12b93dc9761568dc4f2a44683d7d33b9a69,emb-fnptr-0025,function-pointers-and-callbacks,written,no
05_Function_Pointers_Callbacks_anki_cards.txt,31,0de2f2758685b599856c1a0cc808d355b4f4936b,emb-fnptr-0026,function-pointers-and-callbacks,written,no
05_Function_Pointers_Callbacks_anki_cards.txt,32,5c7aa16fb5a20195686526f2d5bcf172b87c0780,emb-fnptr-0027,function-pointers-and-callbacks,written,no
05_Function_Pointers_Callbacks_anki_cards.txt,33,acb7ef04331db4ce80e9cd3dc0bf35c47936405d,emb-fnptr-0028,function-pointers-and-callbacks,written,no
05_Function_Pointers_Callbacks_anki_cards.txt,34,70966b4e5c49f4c35420f4d622f70254e48fc32b,emb-fnptr-0029,function-pointers-and-callbacks,written,no
05_Function_Pointers_Callbacks_anki_cards.txt,35,d14f1831129dd04569937167c1acfa2af0f0e1ae,emb-fnptr-0030,function-pointers-and-callbacks,written,no
05_Function_Pointers_Callbacks_anki_cards.txt,36,ea05f0d3a759fca86a6f1111ba518c27a7a3775e,emb-fnptr-0031,function-pointers-and-callbacks,written,no
05_Function_Pointers_Callbacks_anki_cards.txt,37,e80ff9962b6c44836135fd08e1a1371f74072cce,emb-fnptr-0032,function-pointers-and-callbacks,written,no
05_Function_Pointers_Callbacks_anki_cards.txt,38,8e0de415e28d4dcf069eb446c773edfab8e0881c,emb-fnptr-0033,function-pointers-and-callbacks,written,no
05_Function_Pointers_Callbacks_anki_cards.txt,39,5eef7069259c2949d2f866f8e8b0e7f9a3df2b39,emb-fnptr-0034,function-pointers-and-callbacks,written,no
05_Function_Pointers_Callbacks_anki_cards.txt,40,7b58baf5df8f85f4cccfcdc7e0fa3d0c79f1b787,emb-fnptr-0035,function-pointers-and-callbacks,written,no
05_Function_Pointers_Callbacks_anki_cards.txt,41,8ba4a93b2ad3ae0862b07617003ad88f7df65727,emb-fnptr-0036,function-pointers-and-callbacks,written,no
05_Function_Pointers_Callbacks_anki_cards.txt,42,102fbc90d36faf5c531b2f3bb4e69d0d62376640,emb-fnptr-0037,function-pointers-and-callbacks,written,no
05_Function_Pointers_Callbacks_anki_cards.txt,43,c1d673ee41789c82a95f8ae02a94d6c939f6e33c,emb-fnptr-0038,function-pointers-and-callbacks,written,no
05_Function_Pointers_Callbacks_anki_cards.txt,44,73106618c87a7bf468110db2a580e3a70a7534a2,emb-fnptr-0039,function-pointers-and-callbacks,written,no
05_Function_Pointers_Callbacks_anki_cards.txt,45,1a7eefeb16e40495aaf3d178a2ebea9d55225ab2,emb-fnptr-0040,function-pointers-and-callbacks,written,no
05_Function_Pointers_Callbacks_anki_cards.txt,46,fd7ba24b276efe9acb9f8ed6e12c33829de022d0,emb-fnptr-0041,function-pointers-and-callbacks,written,no
05_Function_Pointers_Callbacks_anki_cards.txt,47,a851bfb741097d8c3534cf569174ef3a5e0c97e3,emb-fnptr-0042,function-pointers-and-callbacks,written,no
05_Function_Pointers_Callbacks_anki_cards.txt,48,3bebec781f70813abd2e85b51d6cf4457968eaf6,emb-fnptr-0043,function-pointers-and-callbacks,written,no
05_Function_Pointers_Callbacks_anki_cards.txt,49,e26117fa1b7295ed601e769170690c749c20af76,emb-fnptr-0044,function-pointers-and-callbacks,written,no
05_Function_Pointers_Callbacks_anki_cards.txt,50,efeee13499e74872b8236e83dbb7532a69b61424,emb-fnptr-0045,function-pointers-and-callbacks,written,no
05_Function_Pointers_Callbacks_anki_cards.txt,51,c79650d59653d11950d61ad01b75c22e879187d0,emb-fnptr-0046,function-pointers-and-callbacks,written,no
05_Function_Pointers_Callbacks_anki_cards.txt,52,2acd3cebe7c3d9fe0be4c93945afb57855fb5239,emb-fnptr-0047,function-pointers-and-callbacks,written,no
05_Function_Pointers_Callbacks_anki_cards.txt,53,5e4be402b5ee0b40a9cc6db8013c85d3930919be,emb-fnptr-0048,function-pointers-and-callbacks,written,no
05_Function_Pointers_Callbacks_anki_cards.txt,54,49c6a93ab59a002767d47d62e0f35ea2243c67c9,emb-fnptr-0049,function-pointers-and-callbacks,written,no
05_Function_Pointers_Callbacks_anki_cards.txt,55,8158721f921790c0b30748a4a82a67748987a57a,emb-fnptr-0050,function-pointers-and-callbacks,written,no
05_Function_Pointers_Callbacks_anki_cards.txt,56,fc50cf0d140d173d03c7fb0714cbf8442ffa73ce,emb-fnptr-0051,function-pointers-and-callbacks,written,no
05_Function_Pointers_Callbacks_anki_cards.txt,57,12df022d583a45fa4228dba1337ff1996ed8743d,emb-fnptr-0052,function-pointers-and-callbacks,written,no
05_Function_Pointers_Callbacks_anki_cards.txt,58,472fba6310b91a004ec108fa35ebe1e8214f7a75,emb-fnptr-0053,function-pointers-and-callbacks,written,no
05_Function_Pointers_Callbacks_anki_cards.txt,59,6063341925dbbcd16e82bc5396355b09c206734f,emb-fnptr-0054,function-pointers-and-callbacks,written,no
05_Function_Pointers_Callbacks_anki_cards.txt,60,7fa07d9fff1f2428486df0834d462f4023c970e4,emb-fnptr-0055,function-pointers-and-callbacks,written,no
05_Function_Pointers_Callbacks_anki_cards.txt,61,c3bc7afc3a4df61aa15f2ab0f96c7fa6a215b0a6,emb-fnptr-0056,function-pointers-and-callbacks,written,no
05_Function_Pointers_Callbacks_anki_cards.txt,62,7809f4c0710c18ea7eb9067ef50d1bfdc31c8da3,emb-fnptr-0057,function-pointers-and-callbacks,written,no
05_Function_Pointers_Callbacks_anki_cards.txt,63,226e7d2e38cd5ea7b8d7876d74d24cca5a63f9c1,emb-fnptr-0058,function-pointers-and-callbacks,written,no
06_Inline_Macros_anki_cards.txt,6,ff888d8fda1097045c262af1d49d387d482b257c,emb-macros-0001,inline-and-macros,written,no
06_Inline_Macros_anki_cards.txt,7,819e0cc0d0765f18063861275ea1f32e94c8fbc2,emb-macros-0002,inline-and-macros,written,no
06_Inline_Macros_anki_cards.txt,8,5e41e0fa59c0e7253020d2d2c843d6f00bbda3b1,emb-macros-0003,inline-and-macros,written,no
06_Inline_Macros_anki_cards.txt,9,e0bc71d66f2bf4e9896ccd1b87a15417ab66c6bf,emb-macros-0004,inline-and-macros,written,no
06_Inline_Macros_anki_cards.txt,10,9329d63c70e5f3a816e0517b4895a233f4b2aa92,emb-macros-0005,inline-and-macros,written,no
06_Inline_Macros_anki_cards.txt,11,222db41872b2bcd47fa90413e5f367072d5c1c69,emb-macros-0006,inline-and-macros,written,no
06_Inline_Macros_anki_cards.txt,12,608029e21522cf89bd3a1523e14dd3f1de2549f3,emb-macros-0007,inline-and-macros,written,no
06_Inline_Macros_anki_cards.txt,13,d5eae2acf2b57c670444a1794cdeb545be4f17ea,emb-macros-0008,inline-and-macros,written,no
06_Inline_Macros_anki_cards.txt,14,6222fa146c2b56cf53b321a198ec2a3e5132a3a8,emb-macros-0009,inline-and-macros,written,no
06_Inline_Macros_anki_cards.txt,15,53f82a6a19297e2caeaa7da486f584eba41148f2,emb-macros-0010,inline-and-macros,written,no
06_Inline_Macros_anki_cards.txt,16,68cd0ff9753025f306be16088b03b9d88386906b,emb-macros-0011,inline-and-macros,written,no
06_Inline_Macros_anki_cards.txt,17,070e394e2e1f3df595a4510b1225d5ce737bf107,emb-macros-0012,inline-and-macros,written,no
06_Inline_Macros_anki_cards.txt,18,940d3757ee34fb6236183de7068a05dc2d5e7fe8,emb-macros-0013,inline-and-macros,written,no
06_Inline_Macros_anki_cards.txt,19,ee152d7e93ff6fb78edddda3d6dd1b869c01ec50,emb-macros-0014,inline-and-macros,written,no
06_Inline_Macros_anki_cards.txt,20,b69bc63d35250f2d3472fcc65efad07886bda0ff,emb-macros-0015,inline-and-macros,written,no
06_Inline_Macros_anki_cards.txt,21,91ceb1d1001833705e898fb8865c4d2c4694854e,emb-macros-0016,inline-and-macros,written,no
06_Inline_Macros_anki_cards.txt,22,2241ed60554b14726e190bcfaddd10ff159e2f51,emb-macros-0017,inline-and-macros,written,no
06_Inline_Macros_anki_cards.txt,23,a0f3c61f006b4d0e7503235852e5169a667432f6,emb-macros-0018,inline-and-macros,written,no
06_Inline_Macros_anki_cards.txt,24,812a64cfb02fb2d320694c84040479127958b69a,emb-macros-0019,inline-and-macros,written,no
06_Inline_Macros_anki_cards.txt,25,6a8b49590db14d173c4939cc48cebb58f351087c,emb-macros-0020,inline-and-macros,written,no
06_Inline_Macros_anki_cards.txt,26,5d4f554015591b77048b2000b5dc9ffc5af8d447,emb-macros-0021,inline-and-macros,written,no
06_Inline_Macros_anki_cards.txt,27,bac5d6e69716231254a505fd92d3f9eecf7c0202,emb-macros-0022,inline-and-macros,written,no
06_Inline_Macros_anki_cards.txt,28,160df38b6b0a6e75abdb02d7fa53fa29b6202134,emb-macros-0023,inline-and-macros,written,no
06_Inline_Macros_anki_cards.txt,29,7c285fca21d6f99969f8dafe875efc97d7de8276,emb-macros-0024,inline-and-macros,written,no
06_Inline_Macros_anki_cards.txt,30,8f96cec92642b3ec0e2180e79611a86a70196224,emb-macros-0025,inline-and-macros,written,no
06_Inline_Macros_anki_cards.txt,31,b823278a0c3fb16eaccb4ccc9ddbb4266e727f6b,emb-macros-0026,inline-and-macros,written,no
06_Inline_Macros_anki_cards.txt,32,e6f03961eb75b07880cee0ac43a5c66a16be7615,emb-macros-0027,inline-and-macros,written,no
06_Inline_Macros_anki_cards.txt,33,a8669b291b775780b3c7efd76f1d9aab930cf1bb,emb-macros-0028,inline-and-macros,written,no
06_Inline_Macros_anki_cards.txt,34,daa52f3cb7596f57b9890b0db1255057a1035e9d,emb-macros-0029,inline-and-macros,written,no
06_Inline_Macros_anki_cards.txt,35,6965d3436ad912bee74780985dacb56378fbc3fe,emb-macros-0030,inline-and-macros,written,no
06_Inline_Macros_anki_cards.txt,36,c54f0b630ca91eb182c678aa4c95e997946217c9,emb-macros-0031,inline-and-macros,written,no
06_Inline_Macros_anki_cards.txt,37,b735c00d9d783e8096f5c49ccf5f23981c1b845a,emb-macros-0032,inline-and-macros,written,no
06_Inline_Macros_anki_cards.txt,38,71bfe50c9c9642a181b91ac3ac9553c696d9bcfe,emb-macros-0033,inline-and-macros,written,no
06_Inline_Macros_anki_cards.txt,39,48ed8595892558d13593beb2bfd10c8d378c5615,emb-macros-0034,inline-and-macros,written,no
06_Inline_Macros_anki_cards.txt,40,5149cf41b2985a6d61d1dd9f04ab3b1e80317a46,emb-macros-0035,inline-and-macros,written,no
06_Inline_Macros_anki_cards.txt,41,9c23f729c2a79d03ed0a48ee496d418ffff9da24,emb-macros-0036,inline-and-macros,written,no
06_Inline_Macros_anki_cards.txt,42,7b81773360a3f9b8212f9f16b6fd1ae3ebfd27c2,emb-macros-0037,inline-and-macros,written,no
06_Inline_Macros_anki_cards.txt,43,079e8d558e9f8363941b0c1d5a2083baf0392aed,emb-macros-0038,inline-and-macros,written,no
06_Inline_Macros_anki_cards.txt,44,7411826aaae130318b8f0edce6bf64eb3c3b6311,emb-macros-0039,inline-and-macros,written,no
06_Inline_Macros_anki_cards.txt,45,cd5562412e1a13974c1198710906cac933c4159e,emb-macros-0040,inline-and-macros,written,no
06_Inline_Macros_anki_cards.txt,46,2009df326dd3e43842a15718cf6283de87ab6871,emb-macros-0041,inline-and-macros,written,no
06_Inline_Macros_anki_cards.txt,47,f89debd2b07d7676a00cb97049d69a80df0b0fe2,emb-macros-0042,inline-and-macros,written,no
06_Inline_Macros_anki_cards.txt,48,758548d7b3fa7f72ae9727ffd7b29088d4b5c524,emb-macros-0043,inline-and-macros,written,no
06_Inline_Macros_anki_cards.txt,49,cfff9fcf6e354f0640b3e263d3fed1071f9f1f38,emb-macros-0044,inline-and-macros,written,no
06_Inline_Macros_anki_cards.txt,50,2e2173ebfb6a2e331b04035891ed2f903387dd19,emb-macros-0045,inline-and-macros,written,no
06_Inline_Macros_anki_cards.txt,51,f1de605effa830d0fbbec32f688262278551ea86,emb-macros-0046,inline-and-macros,written,no
06_Inline_Macros_anki_cards.txt,52,7e9ed272e842ecb29ae9a147f8c9ca18cf4ce818,emb-macros-0047,inline-and-macros,written,no
06_Inline_Macros_anki_cards.txt,53,f57701fde8c5e872d56db121a38c64f1d43ddde9,emb-macros-0048,inline-and-macros,written,no
06_Inline_Macros_anki_cards.txt,54,eea081d7115e38fd60cda8c79cc41e5ab4dd9d6b,emb-macros-0049,inline-and-macros,written,no
07_Memory_Alignment_Endianness_anki_cards.txt,6,a9b333e57638eef3e83ccb865d3dc5a6363ca01a,emb-align-0001,memory-alignment-and-endianness,written,no
07_Memory_Alignment_Endianness_anki_cards.txt,7,b0fed402a07b52e7f077e8ac8762782f9125a848,emb-align-0002,memory-alignment-and-endianness,written,no
07_Memory_Alignment_Endianness_anki_cards.txt,8,424059cabd2b20c08569ed38d3b26782da688f38,emb-align-0003,memory-alignment-and-endianness,written,no
07_Memory_Alignment_Endianness_anki_cards.txt,9,3d417bf0698dc9ef2098f13d69621d0ff1150f08,emb-align-0004,memory-alignment-and-endianness,written,no
07_Memory_Alignment_Endianness_anki_cards.txt,10,043efdb3a7114d7c12961960de8be3bf4728993f,emb-align-0005,memory-alignment-and-endianness,written,no
07_Memory_Alignment_Endianness_anki_cards.txt,11,b37e0244c9b6d767cde64a49b217eb210684dfbb,emb-align-0006,memory-alignment-and-endianness,written,no
07_Memory_Alignment_Endianness_anki_cards.txt,12,678c3e736909ce1cda0d408d2d9aae618590523a,emb-align-0007,memory-alignment-and-endianness,written,no
07_Memory_Alignment_Endianness_anki_cards.txt,13,38ca33fb406620e2fb03a828158843d36bb84c28,emb-align-0008,memory-alignment-and-endianness,written,no
07_Memory_Alignment_Endianness_anki_cards.txt,14,f5ca47f84a91cdfe24fe266ee9bd7d33fab5640b,emb-align-0009,memory-alignment-and-endianness,written,no
07_Memory_Alignment_Endianness_anki_cards.txt,15,cc3fee43de9e15346c82c8b52988e1a71e42497e,emb-align-0010,memory-alignment-and-endianness,written,no
07_Memory_Alignment_Endianness_anki_cards.txt,16,4cc540191c9808f94d7a91c9ece8f4188d335030,emb-align-0011,memory-alignment-and-endianness,written,yes
07_Memory_Alignment_Endianness_anki_cards.txt,17,beb47594d04575e6acc67269f22d6b6f1a31cc8d,emb-align-0012,memory-alignment-and-endianness,written,no
07_Memory_Alignment_Endianness_anki_cards.txt,18,c199505207c2cde34c284582196bb2c65382dc48,emb-align-0013,memory-alignment-and-endianness,written,no
07_Memory_Alignment_Endianness_anki_cards.txt,19,d79b9c491ec322586b285f718eea845931fa43bc,emb-align-0014,memory-alignment-and-endianness,written,no
07_Memory_Alignment_Endianness_anki_cards.txt,20,c25c1798785b37c89aecef1ff7dc131c726ab2d6,emb-align-0015,memory-alignment-and-endianness,written,no
07_Memory_Alignment_Endianness_anki_cards.txt,21,8d500dd46a1bf9aeca2aa6f99abfb33c845e950d,emb-align-0016,memory-alignment-and-endianness,written,no
07_Memory_Alignment_Endianness_anki_cards.txt,22,10096bd481d0218ef5b48226521a7c1bd964f476,emb-align-0017,memory-alignment-and-endianness,written,no
07_Memory_Alignment_Endianness_anki_cards.txt,23,f9f7d6958f44d43ae151815a5ee0e1e97d55209f,emb-align-0018,memory-alignment-and-endianness,written,no
07_Memory_Alignment_Endianness_anki_cards.txt,24,a65faac22bffb41c088ad3ed84a0e47da006cf8c,emb-align-0019,memory-alignment-and-endianness,written,no
07_Memory_Alignment_Endianness_anki_cards.txt,25,34b9deae922dd01c3874969b9026832c1b898cc1,emb-align-0020,memory-alignment-and-endianness,written,no
07_Memory_Alignment_Endianness_anki_cards.txt,26,4e88a8662bdd15d777e92e69707ce395c5a71f9d,emb-align-0021,memory-alignment-and-endianness,written,no
07_Memory_Alignment_Endianness_anki_cards.txt,27,2418a41a22c42474cab0ce25480d100d58e4336b,emb-align-0022,memory-alignment-and-endianness,written,no
07_Memory_Alignment_Endianness_anki_cards.txt,28,2351efa379ec2226cbf601422e99314dac654fe4,emb-align-0023,memory-alignment-and-endianness,written,no
07_Memory_Alignment_Endianness_anki_cards.txt,29,594ec90942a31f94d96a92e32d4f7f27d80c71a8,emb-align-0024,memory-alignment-and-endianness,written,no
07_Memory_Alignment_Endianness_anki_cards.txt,30,07a90a415d45669ceac7508e35357db26f331511,emb-align-0025,memory-alignment-and-endianness,written,no
07_Memory_Alignment_Endianness_anki_cards.txt,31,a2461fb361a431603a5928ea715bc94896131cd0,emb-align-0026,memory-alignment-and-endianness,written,no
07_Memory_Alignment_Endianness_anki_cards.txt,32,34341712e7085c0e0b95484351ef72c02e37ab1d,emb-align-0027,memory-alignment-and-endianness,written,no
07_Memory_Alignment_Endianness_anki_cards.txt,33,e8b307845a8910986e29757fef79f02d8ad2857b,emb-align-0028,memory-alignment-and-endianness,written,no
07_Memory_Alignment_Endianness_anki_cards.txt,34,4d408bbbd34b6af99ed17ce9b9dded95bbb15a3e,emb-align-0029,memory-alignment-and-endianness,written,no
07_Memory_Alignment_Endianness_anki_cards.txt,35,bc3b93a67dfbe64c954e379d2ca302aa1f4a4338,emb-align-0030,memory-alignment-and-endianness,written,no
07_Memory_Alignment_Endianness_anki_cards.txt,36,5d891b58ca0ca061767f22840f044addb0da1447,emb-align-0031,memory-alignment-and-endianness,written,no
07_Memory_Alignment_Endianness_anki_cards.txt,37,8670bf11ee322273c52007fd58e850d553666e1a,emb-align-0032,memory-alignment-and-endianness,written,no
07_Memory_Alignment_Endianness_anki_cards.txt,38,bd451261f2d025e398fb238f1650114e6cf0b79f,emb-align-0033,memory-alignment-and-endianness,written,no
07_Memory_Alignment_Endianness_anki_cards.txt,39,05dcce1e9931a91aa6b43f596cfd53cfceccf6e2,emb-align-0034,memory-alignment-and-endianness,written,no
07_Memory_Alignment_Endianness_anki_cards.txt,40,02a32082ba8c3cc6c509c9a20073e04a62cc00d9,emb-align-0035,memory-alignment-and-endianness,written,no
07_Memory_Alignment_Endianness_anki_cards.txt,41,7a9ab781776de8b7b46cc0932b2635f3a115c222,emb-align-0036,memory-alignment-and-endianness,written,no
07_Memory_Alignment_Endianness_anki_cards.txt,42,7b98be4ba22ab04212b466027156b65654452671,emb-align-0037,memory-alignment-and-endianness,written,no
07_Memory_Alignment_Endianness_anki_cards.txt,43,c22cbc2447c77ee17c354f3f75d31290edef57a4,emb-align-0038,memory-alignment-and-endianness,written,no
07_Memory_Alignment_Endianness_anki_cards.txt,44,24c7111f1e9667e7693ea5803f1ff8c12751deb5,emb-align-0039,memory-alignment-and-endianness,written,no
07_Memory_Alignment_Endianness_anki_cards.txt,45,9d6551c4d0cc2d46a5fdad625db17cf2b6099e4b,emb-align-0040,memory-alignment-and-endianness,written,no
07_Memory_Alignment_Endianness_anki_cards.txt,46,0859e9223f26f0a9d14667440a5a5c8ebfe81a98,emb-align-0041,memory-alignment-and-endianness,written,no
07_Memory_Alignment_Endianness_anki_cards.txt,47,f205915604a55bafa583bb661b75245b39067880,emb-align-0042,memory-alignment-and-endianness,written,no
07_Memory_Alignment_Endianness_anki_cards.txt,48,32b8dbd050012d6f652033904807fa436a5afca6,emb-align-0043,memory-alignment-and-endianness,written,no
08_Common_Code_Patterns_anki_cards.txt,6,da3d3413bce04d35d7b41df7989687720acc9180,emb-patterns-0001,common-code-patterns,written,no
08_Common_Code_Patterns_anki_cards.txt,7,065c3f613e13ef8c022bb0cb41bf66ade4c034cc,emb-patterns-0002,common-code-patterns,written,no
08_Common_Code_Patterns_anki_cards.txt,8,a2b10c1f38fccdafbb277b4371c354c8f5190318,emb-patterns-0003,common-code-patterns,written,no
08_Common_Code_Patterns_anki_cards.txt,9,11e18ece996a97b253dc0a8f8bf02fd80434678b,emb-patterns-0004,common-code-patterns,written,no
08_Common_Code_Patterns_anki_cards.txt,10,d0dd97d4fe6f9ac9197c2bcf393bd799e512f67f,emb-patterns-0005,common-code-patterns,written,no
08_Common_Code_Patterns_anki_cards.txt,11,049b093a422e9cd00388dbc1e17b2f6f6fd29d5f,emb-patterns-0006,common-code-patterns,written,no
08_Common_Code_Patterns_anki_cards.txt,12,334cdf3ddaf0394e952ffed7eddc1fdd5c5befc5,emb-patterns-0007,common-code-patterns,written,no
08_Common_Code_Patterns_anki_cards.txt,13,adec9566bb505ca779250068b5a3bc8a6bdd2ba6,emb-patterns-0008,common-code-patterns,written,no
08_Common_Code_Patterns_anki_cards.txt,14,4c3c1f9728cf5bdd67330f1a2b0eae0ebf725596,emb-patterns-0009,common-code-patterns,written,no
08_Common_Code_Patterns_anki_cards.txt,15,d099eb664afdbb6b3b1eecbc757582c71be019b2,emb-patterns-0010,common-code-patterns,written,no
08_Common_Code_Patterns_anki_cards.txt,16,9d95914aff115ebf7ced6980f3be957db8b29e44,emb-patterns-0011,common-code-patterns,written,no
08_Common_Code_Patterns_anki_cards.txt,17,e84d3977e423c66ab3ba4a131cbb9df5fcf13b4b,emb-patterns-0012,common-code-patterns,written,no
08_Common_Code_Patterns_anki_cards.txt,18,5f48ed0ae0b2c5f113fe616021289ed6f797ccd9,emb-patterns-0013,common-code-patterns,written,no
08_Common_Code_Patterns_anki_cards.txt,19,8f28f250c7ccd1037c6098c9ffd3df54c019d306,emb-patterns-0014,common-code-patterns,written,no
08_Common_Code_Patterns_anki_cards.txt,20,f611be2721f01390f2d5c96c97e9f3de21d25975,emb-patterns-0015,common-code-patterns,written,no
08_Common_Code_Patterns_anki_cards.txt,21,4058576587ea8342a856131adf118ee17693a40d,emb-patterns-0016,common-code-patterns,written,no
08_Common_Code_Patterns_anki_cards.txt,22,889e20a44399be71f2b7bbadfb83b81e79506420,emb-patterns-0017,common-code-patterns,written,no
08_Common_Code_Patterns_anki_cards.txt,23,d2165413f6dccbeab6f8c14151b8d556a838df53,emb-patterns-0018,common-code-patterns,written,no
08_Common_Code_Patterns_anki_cards.txt,24,9a6ac8062d4248e3da06d7abd00080adf45a6f12,emb-patterns-0019,common-code-patterns,written,no
08_Common_Code_Patterns_anki_cards.txt,25,5fc7c4c87cb00c7ebed5715efeaf9bbfd4f27e83,emb-patterns-0020,common-code-patterns,written,no
08_Common_Code_Patterns_anki_cards.txt,26,211d3f206505445097003be8640c3fc87af032a0,emb-patterns-0021,common-code-patterns,written,no
08_Common_Code_Patterns_anki_cards.txt,27,a44f8a234d45a5fa5854101e6a08d8607ed79a87,emb-patterns-0022,common-code-patterns,written,no
08_Common_Code_Patterns_anki_cards.txt,28,19b1b98a0ac43e0aa3885779c546cafa9974d72c,emb-patterns-0023,common-code-patterns,written,no
08_Common_Code_Patterns_anki_cards.txt,29,2a6e9eb6679560b4ad4b4e5738a681134558fa1e,emb-patterns-0024,common-code-patterns,written,no
08_Common_Code_Patterns_anki_cards.txt,30,f1612349eb0b3b58fc3cd254761c86c0e1d930b7,emb-patterns-0025,common-code-patterns,written,no
08_Common_Code_Patterns_anki_cards.txt,31,5675065cd43b19675dfb44ae43fa2c2b5a225a43,emb-patterns-0026,common-code-patterns,written,no
08_Common_Code_Patterns_anki_cards.txt,32,9eb67115dd9e6ecdc5fedfc21c0d48380a91fc46,emb-patterns-0027,common-code-patterns,written,no
08_Common_Code_Patterns_anki_cards.txt,33,b464feb5212ce9a99e252f60f27afb349cf46127,emb-patterns-0028,common-code-patterns,written,no
08_Common_Code_Patterns_anki_cards.txt,34,bc8092458859ca098de09e1fe08c995caaca5ee4,emb-patterns-0029,common-code-patterns,written,no
08_Common_Code_Patterns_anki_cards.txt,35,b410b65e0e02110499c9d2fc0f4eb699b2df0489,emb-patterns-0030,common-code-patterns,written,no
08_Common_Code_Patterns_anki_cards.txt,36,f0e9d56494506bc2e1433ec10490aeaba8027035,emb-patterns-0031,common-code-patterns,written,no
08_Common_Code_Patterns_anki_cards.txt,37,c5bbca7308175dfb419fa703e42900f416b5c342,emb-patterns-0032,common-code-patterns,written,no
08_Common_Code_Patterns_anki_cards.txt,38,25626e1079859b111c2798744a23d43a2e903f54,emb-patterns-0033,common-code-patterns,written,no
08_Common_Code_Patterns_anki_cards.txt,39,7c2d57d6b75dedacf5f6685cf716176c75744183,emb-patterns-0034,common-code-patterns,written,no
08_Common_Code_Patterns_anki_cards.txt,40,15a7c1321f1dd39b899425db5c94543b05242414,emb-patterns-0035,common-code-patterns,written,no
08_Common_Code_Patterns_anki_cards.txt,41,cbad082d24a4872f1920480eea2d025d3bd0916f,emb-patterns-0036,common-code-patterns,written,no
08_Common_Code_Patterns_anki_cards.txt,42,7e44351bef6e02b974cac3bcb62fba6a69a5a0b5,emb-patterns-0037,common-code-patterns,written,no
08_Common_Code_Patterns_anki_cards.txt,43,ae4f9649925e0b3ea612cb3da0b286f3f56a8967,emb-patterns-0038,common-code-patterns,written,yes
08_Common_Code_Patterns_anki_cards.txt,44,41047058bd34f1a74f65f597cc602a18c6aa8860,emb-patterns-0039,common-code-patterns,written,no
08_Common_Code_Patterns_anki_cards.txt,45,9e9368d1fd563102052ee28d63a5fa100c746760,emb-patterns-0040,common-code-patterns,written,no
08_Common_Code_Patterns_anki_cards.txt,46,0dff83f453ea4614ad98f7c2a8874c34e512901b,emb-patterns-0041,common-code-patterns,written,no
08_Common_Code_Patterns_anki_cards.txt,47,b17603da7afdb1f7f65145cc788170e4ad91422e,emb-patterns-0042,common-code-patterns,written,no
09_Cpp_Classes_OOP_anki_cards.txt,6,6a70e2cd7b6d4e721e8d35507e504dfb03e147ff,emb-cppoop-0001,cpp-classes-and-oop,written,no
09_Cpp_Classes_OOP_anki_cards.txt,7,142545284f658f34fe6f004f139e802963473819,emb-cppoop-0002,cpp-classes-and-oop,written,no
09_Cpp_Classes_OOP_anki_cards.txt,8,342b72ab53cfba9e32758156a2060ac81401854e,emb-cppoop-0003,cpp-classes-and-oop,written,no
09_Cpp_Classes_OOP_anki_cards.txt,9,6686acea89c81625247b6867822965695000ba64,emb-cppoop-0004,cpp-classes-and-oop,written,no
09_Cpp_Classes_OOP_anki_cards.txt,10,db3a6cf38c429f5a34bae6d7699d6ff5c27fb71b,emb-cppoop-0005,cpp-classes-and-oop,written,no
09_Cpp_Classes_OOP_anki_cards.txt,11,d27cc5a6d3533b304a5ee24694224e2e6dcb30fb,emb-cppoop-0006,cpp-classes-and-oop,written,no
09_Cpp_Classes_OOP_anki_cards.txt,12,d1d1270bf8684745024b1e2002a99583586e1131,emb-cppoop-0007,cpp-classes-and-oop,written,no
09_Cpp_Classes_OOP_anki_cards.txt,13,dda80d87d10aa780b711cedccde1b3ecae75658b,emb-cppoop-0008,cpp-classes-and-oop,written,no
09_Cpp_Classes_OOP_anki_cards.txt,14,0e82c14d204d400b5a31d609e46385994475f32d,emb-cppoop-0009,cpp-classes-and-oop,written,no
09_Cpp_Classes_OOP_anki_cards.txt,15,93391a5338afc8f6d4a57b79cc492a9b0cfb2fad,emb-cppoop-0010,cpp-classes-and-oop,written,no
09_Cpp_Classes_OOP_anki_cards.txt,16,23c2cbfcac5c0b3726bf8ea526721e5a9949ac34,emb-cppoop-0011,cpp-classes-and-oop,written,no
09_Cpp_Classes_OOP_anki_cards.txt,17,a7138ce84244da7bf8a7b7c3634139f6307a2e87,emb-cppoop-0012,cpp-classes-and-oop,written,no
09_Cpp_Classes_OOP_anki_cards.txt,18,7744eea36661ae4c4cbea6851c032b229f39009b,emb-cppoop-0013,cpp-classes-and-oop,written,no
09_Cpp_Classes_OOP_anki_cards.txt,19,766c9948dcbf407a1a9062096cf2f61b493941d8,emb-cppoop-0014,cpp-classes-and-oop,written,no
09_Cpp_Classes_OOP_anki_cards.txt,20,482686a3991e43cec21b11abf33c03ef3cea5eea,emb-cppoop-0015,cpp-classes-and-oop,written,no
09_Cpp_Classes_OOP_anki_cards.txt,21,d8790868feacc54b08c0c9533e33228b971ae2a4,emb-cppoop-0016,cpp-classes-and-oop,written,no
09_Cpp_Classes_OOP_anki_cards.txt,22,32bfbd0efefaab03d6beb6252a3c3919627323bc,emb-cppoop-0017,cpp-classes-and-oop,written,no
09_Cpp_Classes_OOP_anki_cards.txt,23,588c8d2f39f270426746581781664167341cdeff,emb-cppoop-0018,cpp-classes-and-oop,written,no
09_Cpp_Classes_OOP_anki_cards.txt,24,0152b4a1337086bbd2a5e579a5d555abc6a80c1d,emb-cppoop-0019,cpp-classes-and-oop,written,no
09_Cpp_Classes_OOP_anki_cards.txt,25,98194017b6ae18afccba7d7c600c1c30e04c425f,emb-cppoop-0020,cpp-classes-and-oop,written,no
09_Cpp_Classes_OOP_anki_cards.txt,26,8293ea7879ad8a8a4a905051b8b5db2192a23d94,emb-cppoop-0021,cpp-classes-and-oop,written,no
09_Cpp_Classes_OOP_anki_cards.txt,27,08e54979eb2c97cb3f15abe175617e2c24276395,emb-cppoop-0022,cpp-classes-and-oop,written,no
09_Cpp_Classes_OOP_anki_cards.txt,28,4e670601a8072b1c740578445150a55712804225,emb-cppoop-0023,cpp-classes-and-oop,written,no
09_Cpp_Classes_OOP_anki_cards.txt,29,4b01fe9a6eb9efe1952e60da2b4ab0b25e7dac99,emb-cppoop-0024,cpp-classes-and-oop,written,no
09_Cpp_Classes_OOP_anki_cards.txt,30,2ac382aaa515dfef6df4f9833882638ee0cb23fa,emb-cppoop-0025,cpp-classes-and-oop,written,no
09_Cpp_Classes_OOP_anki_cards.txt,31,88f97d508048484d169be493f1f20ee1ca608e8f,emb-cppoop-0026,cpp-classes-and-oop,written,no
09_Cpp_Classes_OOP_anki_cards.txt,32,72d5109287a1d94106164f06bbc7e29943849071,emb-cppoop-0027,cpp-classes-and-oop,written,no
09_Cpp_Classes_OOP_anki_cards.txt,33,2fe9cf805be97d1e9c71560e38844889360b02a7,emb-cppoop-0028,cpp-classes-and-oop,written,no
09_Cpp_Classes_OOP_anki_cards.txt,34,9cb94b67f3656bd6470240c8d0289818cb8ad1ce,emb-cppoop-0029,cpp-classes-and-oop,written,no
09_Cpp_Classes_OOP_anki_cards.txt,35,fe3102887a59f8c75b60cfa912c8e5309f2a8b8e,emb-cppoop-0030,cpp-classes-and-oop,written,no
09_Cpp_Classes_OOP_anki_cards.txt,36,2c87e878064a8e4e9c7604e6c3bf4637045bb468,emb-cppoop-0031,cpp-classes-and-oop,written,no
09_Cpp_Classes_OOP_anki_cards.txt,37,2f3bdb2abc05344a43d5f2fe8654a90dba12447e,emb-cppoop-0032,cpp-classes-and-oop,written,no
09_Cpp_Classes_OOP_anki_cards.txt,38,60308aac43a21f63bd321089d49347b4a01d535c,emb-cppoop-0033,cpp-classes-and-oop,written,no
09_Cpp_Classes_OOP_anki_cards.txt,39,a7fa0f4adecba029a963338f98f1aab42ad4d0a8,emb-cppoop-0034,cpp-classes-and-oop,written,no
09_Cpp_Classes_OOP_anki_cards.txt,40,adc63136a2b0e3d95519feae1dd0da2a0b5cf644,emb-cppoop-0035,cpp-classes-and-oop,written,no
09_Cpp_Classes_OOP_anki_cards.txt,41,c57c1ba192f1adf85e768f832a1f486574514a79,emb-cppoop-0036,cpp-classes-and-oop,written,no
09_Cpp_Classes_OOP_anki_cards.txt,42,2ef807e58eca7e7b8aca8dcc5ad82093db428edc,emb-cppoop-0037,cpp-classes-and-oop,written,no
10_RAII_Smart_Pointers_anki_cards.txt,6,d027524845b65f81ab6c111fa4d74dc7f55e1d56,emb-raii-0001,raii-and-smart-pointers,written,no
10_RAII_Smart_Pointers_anki_cards.txt,7,d99b2ea2e931fba33c6eef86949975e0b80e33e1,emb-raii-0002,raii-and-smart-pointers,written,no
10_RAII_Smart_Pointers_anki_cards.txt,8,0a545146c22a362618c21cff810a4bdb24a59665,emb-raii-0003,raii-and-smart-pointers,written,no
10_RAII_Smart_Pointers_anki_cards.txt,9,4909f09fa54d5c832593c7cdac8dfa1ba643dba1,emb-raii-0004,raii-and-smart-pointers,written,no
10_RAII_Smart_Pointers_anki_cards.txt,10,49548c9463e656f52eecfdcccf922ea27ca071cf,emb-raii-0005,raii-and-smart-pointers,written,no
10_RAII_Smart_Pointers_anki_cards.txt,11,d5035e0ca665f592b64bcebf62b5e98c568fbb5c,emb-raii-0006,raii-and-smart-pointers,written,no
10_RAII_Smart_Pointers_anki_cards.txt,12,5007ae555a3dad447a320165df6603dbb737dbfc,emb-raii-0007,raii-and-smart-pointers,written,no
10_RAII_Smart_Pointers_anki_cards.txt,13,0d3ee285b8c59a6613330c235d19c54deb9b451f,emb-raii-0008,raii-and-smart-pointers,written,no
10_RAII_Smart_Pointers_anki_cards.txt,14,d00ae18fa3aa302fefdac888d9042575282c8c4e,emb-raii-0009,raii-and-smart-pointers,written,no
10_RAII_Smart_Pointers_anki_cards.txt,15,5f9cb60656886925dc4f36de27cee44c8310e45c,emb-raii-0010,raii-and-smart-pointers,written,no
10_RAII_Smart_Pointers_anki_cards.txt,16,9782488bf982b6f1ffb452e60f0603d14a3e0246,emb-raii-0011,raii-and-smart-pointers,written,no
10_RAII_Smart_Pointers_anki_cards.txt,17,6d8bac78f4d9a37f0b18532b538dfe38456e4b61,emb-raii-0012,raii-and-smart-pointers,written,no
10_RAII_Smart_Pointers_anki_cards.txt,18,0855ae6bc9f24ecd51918f4a5320cb57db848f9d,emb-raii-0013,raii-and-smart-pointers,written,no
10_RAII_Smart_Pointers_anki_cards.txt,19,6c82411bedc30d8193cf94f156a1263e452a4799,emb-raii-0014,raii-and-smart-pointers,written,no
10_RAII_Smart_Pointers_anki_cards.txt,20,f36779997ff1800e27d4bfda6f83df568100e965,emb-raii-0015,raii-and-smart-pointers,written,no
10_RAII_Smart_Pointers_anki_cards.txt,21,8e33adca620cbab2a14d3db3d9cd358e8ad268da,emb-raii-0016,raii-and-smart-pointers,written,no
10_RAII_Smart_Pointers_anki_cards.txt,22,1e9b340ad346a2de8a9a9250a76b68aa49cefb45,emb-raii-0017,raii-and-smart-pointers,written,no
10_RAII_Smart_Pointers_anki_cards.txt,23,cff8583d2b30b5ea1afa25ba17a864af8a250263,emb-raii-0018,raii-and-smart-pointers,written,no
10_RAII_Smart_Pointers_anki_cards.txt,24,4347af91393b01a60179b8c3fd2e8f0265b5323d,emb-raii-0019,raii-and-smart-pointers,written,no
10_RAII_Smart_Pointers_anki_cards.txt,25,9d34b84bfd8a6586559457521c45b8eb04cf7bb3,emb-raii-0020,raii-and-smart-pointers,written,no
10_RAII_Smart_Pointers_anki_cards.txt,26,c09965f03a2e67707716cf4ca0be9aaef62d270d,emb-raii-0021,raii-and-smart-pointers,written,no
10_RAII_Smart_Pointers_anki_cards.txt,27,d4ea1f333570a8745f5b27d62774e17623080c56,emb-raii-0022,raii-and-smart-pointers,written,no
10_RAII_Smart_Pointers_anki_cards.txt,28,7e420427e04a85ab652b652ab37ed3229c20e6dd,emb-raii-0023,raii-and-smart-pointers,written,no
10_RAII_Smart_Pointers_anki_cards.txt,29,206c3ada2d00e2184997c8c77c324c68468a249c,emb-raii-0024,raii-and-smart-pointers,written,no
10_RAII_Smart_Pointers_anki_cards.txt,30,d329850b70eced76ea3fcbb0ec6b260b62c8dadf,emb-raii-0025,raii-and-smart-pointers,written,no
10_RAII_Smart_Pointers_anki_cards.txt,31,1bfb2e79a93825d7e443dd0cf7cb1169598d2da9,emb-raii-0026,raii-and-smart-pointers,written,no
10_RAII_Smart_Pointers_anki_cards.txt,32,c870e29dc771e34afdb61a741dec120528af7d54,emb-raii-0027,raii-and-smart-pointers,written,no
10_RAII_Smart_Pointers_anki_cards.txt,33,15ad2eebcbfd3292e5ddc394032e28cfb634aba1,emb-raii-0028,raii-and-smart-pointers,written,no
10_RAII_Smart_Pointers_anki_cards.txt,34,b5cc56b654c1e1cc805a8020964f44fef35b998e,emb-raii-0029,raii-and-smart-pointers,written,no
10_RAII_Smart_Pointers_anki_cards.txt,35,0b579e94d28b855d5a0a2ca73cad8c9efdadb724,emb-raii-0030,raii-and-smart-pointers,written,no
10_RAII_Smart_Pointers_anki_cards.txt,36,0f4f1efbd4b95b2dab8003b67713d2cf1aedf7d4,emb-raii-0031,raii-and-smart-pointers,written,no
10_RAII_Smart_Pointers_anki_cards.txt,37,88eff2e804652ecc53c1b5b21ec14b9f4533cde9,emb-raii-0032,raii-and-smart-pointers,written,no
10_RAII_Smart_Pointers_anki_cards.txt,38,abec8605f5729008f0da1c121af59535ad64f741,emb-raii-0033,raii-and-smart-pointers,written,yes
10_RAII_Smart_Pointers_anki_cards.txt,39,8a53975dcf235261a337de746bc5cf26166e2e5c,emb-raii-0034,raii-and-smart-pointers,written,no
11_Templates_Constexpr_anki_cards.txt,6,46f3d2e7741ecaf7c015d574fc13eb2a67fbf629,emb-tmplcx-0001,templates-and-constexpr,written,no
11_Templates_Constexpr_anki_cards.txt,7,d3b10013337afa9df088d2b2ed704dad228e7bac,emb-tmplcx-0002,templates-and-constexpr,written,no
11_Templates_Constexpr_anki_cards.txt,8,ab0dcbc92ed4a8e614288b446f667709a3873ab6,emb-tmplcx-0003,templates-and-constexpr,written,no
11_Templates_Constexpr_anki_cards.txt,9,12e3ac1b7b10f43b2eeca48318b878c1c26f4804,emb-tmplcx-0004,templates-and-constexpr,written,no
11_Templates_Constexpr_anki_cards.txt,10,70c59cd7b446491e2dc691b5bc282ba7b468a58d,emb-tmplcx-0005,templates-and-constexpr,written,no
11_Templates_Constexpr_anki_cards.txt,11,e00a9a4ff87fea7a67debc2cd95c7fcd0a03be44,emb-tmplcx-0006,templates-and-constexpr,written,no
11_Templates_Constexpr_anki_cards.txt,12,3f064fdd0620ddaad02a10c2d6a8f73981ec6377,emb-tmplcx-0007,templates-and-constexpr,written,no
11_Templates_Constexpr_anki_cards.txt,13,53a6912784141111d76e37460434bc3f75bea74a,emb-tmplcx-0008,templates-and-constexpr,written,no
11_Templates_Constexpr_anki_cards.txt,14,2585123d77524bf44e07fe319f87afe84f587677,emb-tmplcx-0009,templates-and-constexpr,written,no
11_Templates_Constexpr_anki_cards.txt,15,0e612ea9898b67084372991b1a16d597aa510f5e,emb-tmplcx-0010,templates-and-constexpr,written,no
11_Templates_Constexpr_anki_cards.txt,16,252afcf3c35733c63692f8b065cb668fd086068c,emb-tmplcx-0011,templates-and-constexpr,written,no
11_Templates_Constexpr_anki_cards.txt,17,fb037a7d0190b9eacf1108b7037b8559bc3039c5,emb-tmplcx-0012,templates-and-constexpr,written,no
11_Templates_Constexpr_anki_cards.txt,18,883ed939e2f5de0d07a2a6f82291173440ecca19,emb-tmplcx-0013,templates-and-constexpr,written,no
11_Templates_Constexpr_anki_cards.txt,19,1f40238227d814cf1b139e2cfbf1f97b6199614e,emb-tmplcx-0014,templates-and-constexpr,written,no
11_Templates_Constexpr_anki_cards.txt,20,fa8911d836d0741189f0b3d2a18be4745568f7bb,emb-tmplcx-0015,templates-and-constexpr,written,no
11_Templates_Constexpr_anki_cards.txt,21,51ff7f04e63bcdd4098d8c6a313fe92497ec7ebd,emb-tmplcx-0016,templates-and-constexpr,written,no
11_Templates_Constexpr_anki_cards.txt,22,fe4151b66efa28dd6a20b5e0c2bef081b3bd37fe,emb-tmplcx-0017,templates-and-constexpr,written,no
11_Templates_Constexpr_anki_cards.txt,23,26d30402978034fa8a37715d95ef81edb6d02019,emb-tmplcx-0018,templates-and-constexpr,written,no
11_Templates_Constexpr_anki_cards.txt,24,a7ada470f1c6ec631297f880d9b995307fc37ead,emb-tmplcx-0019,templates-and-constexpr,written,no
11_Templates_Constexpr_anki_cards.txt,25,e3530be825885587d079b67e67d76a220f875153,emb-tmplcx-0020,templates-and-constexpr,written,no
11_Templates_Constexpr_anki_cards.txt,26,1d6ffb9df87e2d896a892cd7d3f67d567c63eaa2,emb-tmplcx-0021,templates-and-constexpr,written,no
11_Templates_Constexpr_anki_cards.txt,27,b66bb476e999305048afbe2d5a558dd3d9254032,emb-tmplcx-0022,templates-and-constexpr,written,no
11_Templates_Constexpr_anki_cards.txt,28,700170e4f2b564d3a48b036cf7cb4f2f0b12ebf6,emb-tmplcx-0023,templates-and-constexpr,written,no
11_Templates_Constexpr_anki_cards.txt,29,354eeb1a978bd0c08de54b012f22de0a66d579bf,emb-tmplcx-0024,templates-and-constexpr,written,no
11_Templates_Constexpr_anki_cards.txt,30,c6ee3b5199d199e961f51066807b77f645c87fff,emb-tmplcx-0025,templates-and-constexpr,written,no
11_Templates_Constexpr_anki_cards.txt,31,093dc539a8a2c349ca254d705bb3b6c2e7e8fbcd,emb-tmplcx-0026,templates-and-constexpr,written,no
11_Templates_Constexpr_anki_cards.txt,32,5e179f5e52e6173aa0f953e437084279fbadf45f,emb-tmplcx-0027,templates-and-constexpr,written,no
11_Templates_Constexpr_anki_cards.txt,33,12ce12df00d8bd9df0e5c8080500e8c063a06718,emb-tmplcx-0028,templates-and-constexpr,written,no
11_Templates_Constexpr_anki_cards.txt,34,c11bf08035295fbce6f8e5439f219193c6244578,emb-tmplcx-0029,templates-and-constexpr,written,no
11_Templates_Constexpr_anki_cards.txt,35,5e49e6176e70668fbc0153bec2ec9effdb23907f,emb-tmplcx-0030,templates-and-constexpr,written,no
11_Templates_Constexpr_anki_cards.txt,36,24e343e361d11c2a38894bd1bb8257205e2fb1f2,emb-tmplcx-0031,templates-and-constexpr,written,no
11_Templates_Constexpr_anki_cards.txt,37,65fe8c5f876329ea1ffbd3178a8790b27c8ba56b,emb-tmplcx-0032,templates-and-constexpr,written,no
11_Templates_Constexpr_anki_cards.txt,38,8103d2104a78c072d08edfe163b39b567977bb9f,emb-tmplcx-0033,templates-and-constexpr,written,no
11_Templates_Constexpr_anki_cards.txt,39,06d16587c57ec4d5b4b347e75c6f0911b5d7f2e5,emb-tmplcx-0034,templates-and-constexpr,written,no
12_Cpp_Embedded_Constraints_STL_anki_cards.txt,6,4c3aa6c7bb728465c1b0eaa7fcf088ac2f3a3ae6,emb-cppstl-0001,cpp-embedded-constraints-and-stl,written,no
12_Cpp_Embedded_Constraints_STL_anki_cards.txt,7,5b7d98883ff2f052681fc227a453f30c66f22b32,emb-cppstl-0002,cpp-embedded-constraints-and-stl,written,no
12_Cpp_Embedded_Constraints_STL_anki_cards.txt,8,a9fc3e45a09c01f6c3bc717c6e80553759cf359f,emb-cppstl-0003,cpp-embedded-constraints-and-stl,written,no
12_Cpp_Embedded_Constraints_STL_anki_cards.txt,9,a18a7e6f33ad51c1485eb3af4fa813005105f23b,emb-cppstl-0004,cpp-embedded-constraints-and-stl,written,no
12_Cpp_Embedded_Constraints_STL_anki_cards.txt,10,24d3e9a0e466909eec568a43f67072459055bea6,emb-cppstl-0005,cpp-embedded-constraints-and-stl,written,no
12_Cpp_Embedded_Constraints_STL_anki_cards.txt,11,32f03626af19e32df7d146035a357dea9fd7edee,emb-cppstl-0006,cpp-embedded-constraints-and-stl,written,no
12_Cpp_Embedded_Constraints_STL_anki_cards.txt,12,3fad868a4b69ce231495048f12ca60b8321786e3,emb-cppstl-0007,cpp-embedded-constraints-and-stl,written,no
12_Cpp_Embedded_Constraints_STL_anki_cards.txt,13,a8d53a8acb073cada82a0da3a33b968db0f07db1,emb-cppstl-0008,cpp-embedded-constraints-and-stl,written,no
12_Cpp_Embedded_Constraints_STL_anki_cards.txt,14,d56c14094cac4373fcdd1ea758b5ec1f301653ae,emb-cppstl-0009,cpp-embedded-constraints-and-stl,written,no
12_Cpp_Embedded_Constraints_STL_anki_cards.txt,15,812e26be918aac9b7c8a9d6a4f610a6e7579cac8,emb-cppstl-0010,cpp-embedded-constraints-and-stl,written,no
12_Cpp_Embedded_Constraints_STL_anki_cards.txt,16,e3fdaa2b80a23c3ae9fe3f9d5c13910a25186570,emb-cppstl-0011,cpp-embedded-constraints-and-stl,written,no
12_Cpp_Embedded_Constraints_STL_anki_cards.txt,17,80e2b636caf32acc919099a29c94acff4f4e26aa,emb-cppstl-0012,cpp-embedded-constraints-and-stl,written,no
12_Cpp_Embedded_Constraints_STL_anki_cards.txt,18,43fc26d2a1da0f55557dae9cbf87954fb24a66e4,emb-cppstl-0013,cpp-embedded-constraints-and-stl,written,no
12_Cpp_Embedded_Constraints_STL_anki_cards.txt,19,dc19980843534c2da9ea8bd73e157e1efca68050,emb-cppstl-0014,cpp-embedded-constraints-and-stl,written,no
12_Cpp_Embedded_Constraints_STL_anki_cards.txt,20,2913dfaeefc2e977b5d70fe8a802fe12b8374d88,emb-cppstl-0015,cpp-embedded-constraints-and-stl,written,no
12_Cpp_Embedded_Constraints_STL_anki_cards.txt,21,db05d9533cbb7fa2d3baaf5d16682b6c11d153bc,emb-cppstl-0016,cpp-embedded-constraints-and-stl,written,no
12_Cpp_Embedded_Constraints_STL_anki_cards.txt,22,e6b9b9f153ee82b134b050a4ce3d40fca28cab2e,emb-cppstl-0017,cpp-embedded-constraints-and-stl,written,no
12_Cpp_Embedded_Constraints_STL_anki_cards.txt,23,a7b1048fd237be97ce058fe492607a55a41d2684,emb-cppstl-0018,cpp-embedded-constraints-and-stl,written,no
12_Cpp_Embedded_Constraints_STL_anki_cards.txt,24,b14ab3fc8f9587f2d8ca17d9113fe78fa6a14e5b,emb-cppstl-0019,cpp-embedded-constraints-and-stl,written,no
12_Cpp_Embedded_Constraints_STL_anki_cards.txt,25,5c437badc61a27711b4c7210df87c9c8c8da2cfa,emb-cppstl-0020,cpp-embedded-constraints-and-stl,written,no
12_Cpp_Embedded_Constraints_STL_anki_cards.txt,26,942058d4126c82bd9c1bf0bdee5c31e89a65eb36,emb-cppstl-0021,cpp-embedded-constraints-and-stl,written,no
12_Cpp_Embedded_Constraints_STL_anki_cards.txt,27,31af8cd928d45a1f816b104e962e87d68c26f348,emb-cppstl-0022,cpp-embedded-constraints-and-stl,written,no
12_Cpp_Embedded_Constraints_STL_anki_cards.txt,28,8c71425bd77ae71f74f1a700944d718e066a5b19,emb-cppstl-0023,cpp-embedded-constraints-and-stl,written,no
12_Cpp_Embedded_Constraints_STL_anki_cards.txt,29,403465e81f8c99e43a70b3a2a66a377208bc6781,emb-cppstl-0024,cpp-embedded-constraints-and-stl,written,no
12_Cpp_Embedded_Constraints_STL_anki_cards.txt,30,d046cb860e26719610024cc74ef547be019eedb7,emb-cppstl-0025,cpp-embedded-constraints-and-stl,written,no
12_Cpp_Embedded_Constraints_STL_anki_cards.txt,31,5262fc144153fc7bca42a77d472ec9c5033f942e,emb-cppstl-0026,cpp-embedded-constraints-and-stl,written,no
12_Cpp_Embedded_Constraints_STL_anki_cards.txt,32,56cbd28e18249f8fe185eb78e9946ab5f47270cf,emb-cppstl-0027,cpp-embedded-constraints-and-stl,written,no
12_Cpp_Embedded_Constraints_STL_anki_cards.txt,33,c5fe1b3b9dfde8bd58f83c137973ba32c0532eb4,emb-cppstl-0028,cpp-embedded-constraints-and-stl,written,no
12_Cpp_Embedded_Constraints_STL_anki_cards.txt,34,4ebc60ab532c7399ffecfecd860d8fc242178e3f,emb-cppstl-0029,cpp-embedded-constraints-and-stl,written,no
12_Cpp_Embedded_Constraints_STL_anki_cards.txt,35,00ddc093500adc50e666ee3b20cdf9c08326f4eb,emb-cppstl-0030,cpp-embedded-constraints-and-stl,written,no
12_Cpp_Embedded_Constraints_STL_anki_cards.txt,36,e46fc116d6de048bceb5fbf13502efc580360d79,emb-cppstl-0031,cpp-embedded-constraints-and-stl,written,no
12_Cpp_Embedded_Constraints_STL_anki_cards.txt,37,72d723ac3af436e9dfdb7f9b7f161a6808bd65e2,emb-cppstl-0032,cpp-embedded-constraints-and-stl,written,no
12_Cpp_Embedded_Constraints_STL_anki_cards.txt,38,7fab48654641c3848679bbf04b32637f1ce3169f,emb-cppstl-0033,cpp-embedded-constraints-and-stl,written,no
12_Cpp_Embedded_Constraints_STL_anki_cards.txt,39,7e013ccb24ed698e74d025687d3ddd52a817605a,emb-cppstl-0034,cpp-embedded-constraints-and-stl,written,no
12_Cpp_Embedded_Constraints_STL_anki_cards.txt,40,69a0ab4792617646ac5b6fd00cf9520d0fc914d9,emb-cppstl-0035,cpp-embedded-constraints-and-stl,written,no
